Using pre-set license
Built from '2022.3/staging' branch; Version is '2022.3.4f1 (35713cd46cd7) revision 3502396'; Using compiler version '192829333'; Build Type 'Release'
OS: 'Windows 10  (10.0.19045) 64bit Core' Language: 'en' Physical Memory: 16310 MB
BatchMode: 1, IsHumanControllingUs: 0, StartBugReporterOnCrash: 0, Is64bit: 1, IsPro: 1

COMMAND LINE ARGUMENTS:
C:\Program Files\Unity\Hub\Editor\2022.3.4f1\Editor\Unity.exe
-adb2
-batchMode
-noUpm
-name
AssetImportWorker2
-projectPath
E:/Anti-Back-Ward/Anti-Back-Ward-Unity
-logFile
Logs/AssetImportWorker2.log
-srvPort
59893
Successfully changed project path to: E:/Anti-Back-Ward/Anti-Back-Ward-Unity
E:/Anti-Back-Ward/Anti-Back-Ward-Unity
[UnityMemory] Configuration Parameters - Can be set up in boot.config
    "memorysetup-bucket-allocator-granularity=16"
    "memorysetup-bucket-allocator-bucket-count=8"
    "memorysetup-bucket-allocator-block-size=33554432"
    "memorysetup-bucket-allocator-block-count=8"
    "memorysetup-main-allocator-block-size=16777216"
    "memorysetup-thread-allocator-block-size=16777216"
    "memorysetup-gfx-main-allocator-block-size=16777216"
    "memorysetup-gfx-thread-allocator-block-size=16777216"
    "memorysetup-cache-allocator-block-size=4194304"
    "memorysetup-typetree-allocator-block-size=2097152"
    "memorysetup-profiler-bucket-allocator-granularity=16"
    "memorysetup-profiler-bucket-allocator-bucket-count=8"
    "memorysetup-profiler-bucket-allocator-block-size=33554432"
    "memorysetup-profiler-bucket-allocator-block-count=8"
    "memorysetup-profiler-allocator-block-size=16777216"
    "memorysetup-profiler-editor-allocator-block-size=1048576"
    "memorysetup-temp-allocator-size-main=16777216"
    "memorysetup-job-temp-allocator-block-size=2097152"
    "memorysetup-job-temp-allocator-block-size-background=1048576"
    "memorysetup-job-temp-allocator-reduction-small-platforms=262144"
    "memorysetup-allocator-temp-initial-block-size-main=262144"
    "memorysetup-allocator-temp-initial-block-size-worker=262144"
    "memorysetup-temp-allocator-size-background-worker=32768"
    "memorysetup-temp-allocator-size-job-worker=262144"
    "memorysetup-temp-allocator-size-preload-manager=33554432"
    "memorysetup-temp-allocator-size-nav-mesh-worker=65536"
    "memorysetup-temp-allocator-size-audio-worker=65536"
    "memorysetup-temp-allocator-size-cloud-worker=32768"
    "memorysetup-temp-allocator-size-gi-baking-worker=262144"
    "memorysetup-temp-allocator-size-gfx=262144"
Player connection [13704] Host "[IP] 192.168.0.53 [Port] 0 [Flags] 2 [Guid] 456658400 [EditorId] 456658400 [Version] 1048832 [Id] WindowsEditor(7,DESKTOP-046SKDL) [Debug] 1 [PackageName] WindowsEditor [ProjectName] Editor" joined multi-casting on [225.0.0.222:54997]...

Player connection [13704] Host "[IP] 192.168.0.53 [Port] 0 [Flags] 2 [Guid] 456658400 [EditorId] 456658400 [Version] 1048832 [Id] WindowsEditor(7,DESKTOP-046SKDL) [Debug] 1 [PackageName] WindowsEditor [ProjectName] Editor" joined alternative multi-casting on [225.0.0.222:34997]...

Refreshing native plugins compatible for Editor in 8.79 ms, found 2 plugins.
Preloading 0 native plugins for Editor in 0.00 ms.
Initialize engine version: 2022.3.4f1 (35713cd46cd7)
[Subsystems] Discovering subsystems at path C:/Program Files/Unity/Hub/Editor/2022.3.4f1/Editor/Data/Resources/UnitySubsystems
[Subsystems] Discovering subsystems at path E:/Anti-Back-Ward/Anti-Back-Ward-Unity/Assets
GfxDevice: creating device client; threaded=0; jobified=0
Direct3D:
    Version:  Direct3D 11.0 [level 11.1]
    Renderer: NVIDIA GeForce RTX 3060 Ti (ID=0x2486)
    Vendor:   NVIDIA
    VRAM:     8038 MB
    Driver:   31.0.15.4617
Initialize mono
Mono path[0] = 'C:/Program Files/Unity/Hub/Editor/2022.3.4f1/Editor/Data/Managed'
Mono path[1] = 'C:/Program Files/Unity/Hub/Editor/2022.3.4f1/Editor/Data/MonoBleedingEdge/lib/mono/unityjit-win32'
Mono config path = 'C:/Program Files/Unity/Hub/Editor/2022.3.4f1/Editor/Data/MonoBleedingEdge/etc'
Using monoOptions --debugger-agent=transport=dt_socket,embedding=1,server=y,suspend=n,address=127.0.0.1:56688
Begin MonoManager ReloadAssembly
Registering precompiled unity dll's ...
Register platform support module: C:/Program Files/Unity/Hub/Editor/2022.3.4f1/Editor/Data/PlaybackEngines/WebGLSupport/UnityEditor.WebGL.Extensions.dll
Register platform support module: C:/Program Files/Unity/Hub/Editor/2022.3.4f1/Editor/Data/PlaybackEngines/WindowsStandaloneSupport/UnityEditor.WindowsStandalone.Extensions.dll
Registered in 0.013660 seconds.
- Loaded All Assemblies, in  0.312 seconds
Native extension for WindowsStandalone target not found
Native extension for WebGL target not found
Mono: successfully reloaded assembly
- Finished resetting the current domain, in  0.223 seconds
Domain Reload Profiling: 533ms
	BeginReloadAssembly (81ms)
		ExecutionOrderSort (0ms)
		DisableScriptedObjects (0ms)
		BackupInstance (0ms)
		ReleaseScriptingObjects (0ms)
		CreateAndSetChildDomain (1ms)
	RebuildCommonClasses (30ms)
	RebuildNativeTypeToScriptingClass (8ms)
	initialDomainReloadingComplete (65ms)
	LoadAllAssembliesAndSetupDomain (125ms)
		LoadAssemblies (79ms)
		RebuildTransferFunctionScriptingTraits (0ms)
		AnalyzeDomain (118ms)
			TypeCache.Refresh (117ms)
				TypeCache.ScanAssembly (106ms)
			ScanForSourceGeneratedMonoScriptInfo (0ms)
			ResolveRequiredComponents (0ms)
	FinalizeReload (224ms)
		ReleaseScriptCaches (0ms)
		RebuildScriptCaches (0ms)
		SetupLoadedEditorAssemblies (178ms)
			LogAssemblyErrors (0ms)
			InitializePlatformSupportModulesInManaged (10ms)
			SetLoadedEditorAssemblies (4ms)
			RefreshPlugins (0ms)
			BeforeProcessingInitializeOnLoad (2ms)
			ProcessInitializeOnLoadAttributes (120ms)
			ProcessInitializeOnLoadMethodAttributes (41ms)
			AfterProcessingInitializeOnLoad (0ms)
			EditorAssembliesLoaded (0ms)
		ExecutionOrderSort2 (0ms)
		AwakeInstancesAfterBackupRestoration (0ms)
========================================================================
Worker process is ready to serve import requests
Begin MonoManager ReloadAssembly
Symbol file LoadedFromMemory is not a mono symbol file
- Loaded All Assemblies, in  0.548 seconds
Refreshing native plugins compatible for Editor in 4.44 ms, found 2 plugins.
Native extension for WindowsStandalone target not found
Native extension for WebGL target not found
Mono: successfully reloaded assembly
- Finished resetting the current domain, in  0.485 seconds
Domain Reload Profiling: 1030ms
	BeginReloadAssembly (116ms)
		ExecutionOrderSort (0ms)
		DisableScriptedObjects (5ms)
		BackupInstance (0ms)
		ReleaseScriptingObjects (0ms)
		CreateAndSetChildDomain (19ms)
	RebuildCommonClasses (25ms)
	RebuildNativeTypeToScriptingClass (7ms)
	initialDomainReloadingComplete (36ms)
	LoadAllAssembliesAndSetupDomain (361ms)
		LoadAssemblies (218ms)
		RebuildTransferFunctionScriptingTraits (0ms)
		AnalyzeDomain (197ms)
			TypeCache.Refresh (183ms)
				TypeCache.ScanAssembly (168ms)
			ScanForSourceGeneratedMonoScriptInfo (12ms)
			ResolveRequiredComponents (2ms)
	FinalizeReload (485ms)
		ReleaseScriptCaches (0ms)
		RebuildScriptCaches (0ms)
		SetupLoadedEditorAssemblies (375ms)
			LogAssemblyErrors (0ms)
			InitializePlatformSupportModulesInManaged (7ms)
			SetLoadedEditorAssemblies (2ms)
			RefreshPlugins (0ms)
			BeforeProcessingInitializeOnLoad (48ms)
			ProcessInitializeOnLoadAttributes (190ms)
			ProcessInitializeOnLoadMethodAttributes (118ms)
			AfterProcessingInitializeOnLoad (9ms)
			EditorAssembliesLoaded (0ms)
		ExecutionOrderSort2 (0ms)
		AwakeInstancesAfterBackupRestoration (6ms)
Launched and connected shader compiler UnityShaderCompiler.exe after 0.04 seconds
Refreshing native plugins compatible for Editor in 5.58 ms, found 2 plugins.
Preloading 0 native plugins for Editor in 0.00 ms.
Unloading 2516 Unused Serialized files (Serialized files now loaded: 0)
Unloading 60 unused Assets / (40.8 KB). Loaded Objects now: 2973.
Memory consumption went from 111.9 MB to 111.9 MB.
Total: 5.595400 ms (FindLiveObjects: 0.195900 ms CreateObjectMapping: 0.057600 ms MarkObjects: 5.239600 ms  DeleteObjects: 0.101500 ms)

AssetImportParameters requested are different than current active one (requested -> active):
  custom:video-decoder-webm-vp8: 9c59270c3fd7afecdb556c50c9e8de78 -> 
  custom:container-demuxer-ogg: 62fdf1f143b41e24485cea50d1cbac27 -> 
  custom:AudioImporter_EditorPlatform: d09bf68614088b80899f8185d706f6e7 -> 
  custom:video-decoder-ogg-theora: a1e56fd34408186e4bbccfd4996cb3dc -> 
  custom:framework-win-MediaFoundation: 216162199b28c13a410421893ffa2e32 -> 
  custom:video-encoder-webm-vp8: eb34c28f22e8b96e1ab97ce403110664 -> 
  custom:audio-decoder-ogg-vorbis: bf7c407c2cedff20999df2af8eb42d56 -> 
  custom:CustomObjectIndexerAttribute: 756ad292c208cfabdd7b50bc23989ffe -> 
  custom:container-demuxer-webm: 4f35f7cbe854078d1ac9338744f61a02 -> 
  custom:audio-encoder-webm-vorbis: bf7c407c2cedff20999df2af8eb42d56 -> 
  custom:container-muxer-webm: aa71ff27fc2769a1b78a27578f13a17b -> 
========================================================================
Received Import Request.
  Time since last request: 517505.797659 seconds.
  path: Assets/prefab/Enemy Controller.prefab
  artifactKey: Guid(e026043985e330a4d840d93fde29b227) Importer(815301076,1909f56bfc062723c751e8b465ee728b)
Start importing Assets/prefab/Enemy Controller.prefab using Guid(e026043985e330a4d840d93fde29b227) Importer(815301076,1909f56bfc062723c751e8b465ee728b)  -> (artifact id: '9ce74c3d95de08cd189809db4e0b1ea3') in 0.074680 seconds
Number of updated asset objects reloaded before import = 0
Number of asset objects unloaded after import = 20
========================================================================
Received Import Request.
  Time since last request: 0.000027 seconds.
  path: Assets/prefab/Goal.prefab
  artifactKey: Guid(1abe068d08f7e2b42807f82b2bc18291) Importer(815301076,1909f56bfc062723c751e8b465ee728b)
Start importing Assets/prefab/Goal.prefab using Guid(1abe068d08f7e2b42807f82b2bc18291) Importer(815301076,1909f56bfc062723c751e8b465ee728b)  -> (artifact id: 'fe6d5530794c7b0e093b1fabe5ff08c0') in 0.013713 seconds
Internal: There are remaining Allocations on the JobTempAlloc. This is a leak, and will impact performance
To Debug, run app with -diag-job-temp-memory-leak-validation cmd line argument. This will output the callstacks of the leaked allocations.
Number of updated asset objects reloaded before import = 0
Number of asset objects unloaded after import = 55
========================================================================
Received Import Request.
  Time since last request: 18.302431 seconds.
  path: Assets/prefab/Enemy.prefab
  artifactKey: Guid(5d1f424201dd3e94facb5091dc665d1b) Importer(815301076,1909f56bfc062723c751e8b465ee728b)
Start importing Assets/prefab/Enemy.prefab using Guid(5d1f424201dd3e94facb5091dc665d1b) Importer(815301076,1909f56bfc062723c751e8b465ee728b)  -> (artifact id: 'cd22346d8d392148837e2b0be2b55cd7') in 0.092780 seconds
Internal: There are remaining Allocations on the JobTempAlloc. This is a leak, and will impact performance
To Debug, run app with -diag-job-temp-memory-leak-validation cmd line argument. This will output the callstacks of the leaked allocations.
Number of updated asset objects reloaded before import = 0
Number of asset objects unloaded after import = 19
========================================================================
Received Import Request.
  Time since last request: 50.649702 seconds.
  path: Assets/prefab/Enemy.prefab
  artifactKey: Guid(5d1f424201dd3e94facb5091dc665d1b) Importer(815301076,1909f56bfc062723c751e8b465ee728b)
Start importing Assets/prefab/Enemy.prefab using Guid(5d1f424201dd3e94facb5091dc665d1b) Importer(815301076,1909f56bfc062723c751e8b465ee728b)  -> (artifact id: '009ab4bc8b9f1d4e13b874680e4bc4be') in 0.008999 seconds
Internal: There are remaining Allocations on the JobTempAlloc. This is a leak, and will impact performance
To Debug, run app with -diag-job-temp-memory-leak-validation cmd line argument. This will output the callstacks of the leaked allocations.
Number of updated asset objects reloaded before import = 0
Number of asset objects unloaded after import = 19
========================================================================
Received Import Request.
  Time since last request: 17.777296 seconds.
  path: Assets/custom/enter_prompt.png
  artifactKey: Guid(b675cb36553250d4f8b4ed025c69f163) Importer(815301076,1909f56bfc062723c751e8b465ee728b)
Start importing Assets/custom/enter_prompt.png using Guid(b675cb36553250d4f8b4ed025c69f163) Importer(815301076,1909f56bfc062723c751e8b465ee728b)  -> (artifact id: 'e6ba73a6dbf62dfaf9605bea9dbf7718') in 0.029848 seconds
Internal: There are remaining Allocations on the JobTempAlloc. This is a leak, and will impact performance
To Debug, run app with -diag-job-temp-memory-leak-validation cmd line argument. This will output the callstacks of the leaked allocations.
Number of updated asset objects reloaded before import = 0
Number of asset objects unloaded after import = 3
========================================================================
Received Import Request.
  Time since last request: 0.000013 seconds.
  path: Assets/custom/title.png
  artifactKey: Guid(8e853918c36626f41b3a9bbe7d164708) Importer(815301076,1909f56bfc062723c751e8b465ee728b)
Start importing Assets/custom/title.png using Guid(8e853918c36626f41b3a9bbe7d164708) Importer(815301076,1909f56bfc062723c751e8b465ee728b)  -> (artifact id: '79e38a9991574024f570de5fc929f631') in 0.025867 seconds
Internal: There are remaining Allocations on the JobTempAlloc. This is a leak, and will impact performance
To Debug, run app with -diag-job-temp-memory-leak-validation cmd line argument. This will output the callstacks of the leaked allocations.
Number of updated asset objects reloaded before import = 0
Number of asset objects unloaded after import = 3
========================================================================
Received Import Request.
  Time since last request: 643.833125 seconds.
  path: Assets/custom/hazards/blocker.png
  artifactKey: Guid(7903cc18ba4ee444dbcd506ab5e4a69d) Importer(815301076,1909f56bfc062723c751e8b465ee728b)
Start importing Assets/custom/hazards/blocker.png using Guid(7903cc18ba4ee444dbcd506ab5e4a69d) Importer(815301076,1909f56bfc062723c751e8b465ee728b)  -> (artifact id: '0adece60dbf7212f5355c4778d3b1a38') in 0.026914 seconds
Internal: There are remaining Allocations on the JobTempAlloc. This is a leak, and will impact performance
To Debug, run app with -diag-job-temp-memory-leak-validation cmd line argument. This will output the callstacks of the leaked allocations.
Number of updated asset objects reloaded before import = 0
Number of asset objects unloaded after import = 3
========================================================================
Received Import Request.
  Time since last request: 0.000014 seconds.
  path: Assets/custom/hazards/spikes.png
  artifactKey: Guid(5bca68843b0dcd040aa105dbe4774a15) Importer(815301076,1909f56bfc062723c751e8b465ee728b)
Start importing Assets/custom/hazards/spikes.png using Guid(5bca68843b0dcd040aa105dbe4774a15) Importer(815301076,1909f56bfc062723c751e8b465ee728b)  -> (artifact id: '46b67513f6da0ec56176ba95955cf838') in 0.045836 seconds
Internal: There are remaining Allocations on the JobTempAlloc. This is a leak, and will impact performance
To Debug, run app with -diag-job-temp-memory-leak-validation cmd line argument. This will output the callstacks of the leaked allocations.
Number of updated asset objects reloaded before import = 0
Number of asset objects unloaded after import = 3
========================================================================
Received Import Request.
  Time since last request: 13.543665 seconds.
  path: Assets/custom/hazards/blocker_cracked.png
  artifactKey: Guid(f93bb80f08ee2de40b00e770a4b90956) Importer(815301076,1909f56bfc062723c751e8b465ee728b)
Start importing Assets/custom/hazards/blocker_cracked.png using Guid(f93bb80f08ee2de40b00e770a4b90956) Importer(815301076,1909f56bfc062723c751e8b465ee728b)  -> (artifact id: '487ce43c80958543e85262a01e2658bf') in 0.013661 seconds
Internal: There are remaining Allocations on the JobTempAlloc. This is a leak, and will impact performance
To Debug, run app with -diag-job-temp-memory-leak-validation cmd line argument. This will output the callstacks of the leaked allocations.
Number of updated asset objects reloaded before import = 0
Number of asset objects unloaded after import = 2
========================================================================
Received Import Request.
  Time since last request: 29.499661 seconds.
  path: Assets/custom/hazards/blocker_cracked.png
  artifactKey: Guid(f93bb80f08ee2de40b00e770a4b90956) Importer(815301076,1909f56bfc062723c751e8b465ee728b)
Start importing Assets/custom/hazards/blocker_cracked.png using Guid(f93bb80f08ee2de40b00e770a4b90956) Importer(815301076,1909f56bfc062723c751e8b465ee728b)  -> (artifact id: '369ef5096f43da1a245b888d4916b3be') in 0.028886 seconds
Internal: There are remaining Allocations on the JobTempAlloc. This is a leak, and will impact performance
To Debug, run app with -diag-job-temp-memory-leak-validation cmd line argument. This will output the callstacks of the leaked allocations.
Number of updated asset objects reloaded before import = 0
Number of asset objects unloaded after import = 6
========================================================================
Received Import Request.
  Time since last request: 5.107332 seconds.
  path: Assets/custom/hazards/blocker_cracked.png
  artifactKey: Guid(f93bb80f08ee2de40b00e770a4b90956) Importer(815301076,1909f56bfc062723c751e8b465ee728b)
Start importing Assets/custom/hazards/blocker_cracked.png using Guid(f93bb80f08ee2de40b00e770a4b90956) Importer(815301076,1909f56bfc062723c751e8b465ee728b)  -> (artifact id: '9cd4f4006bdb5de91b9ae2e36eb46ab6') in 0.023664 seconds
Internal: There are remaining Allocations on the JobTempAlloc. This is a leak, and will impact performance
To Debug, run app with -diag-job-temp-memory-leak-validation cmd line argument. This will output the callstacks of the leaked allocations.
Number of updated asset objects reloaded before import = 0
Number of asset objects unloaded after import = 6
========================================================================
Received Import Request.
  Time since last request: 114.356308 seconds.
  path: Assets/prefab/Enemy.prefab
  artifactKey: Guid(5d1f424201dd3e94facb5091dc665d1b) Importer(815301076,1909f56bfc062723c751e8b465ee728b)
Start importing Assets/prefab/Enemy.prefab using Guid(5d1f424201dd3e94facb5091dc665d1b) Importer(815301076,1909f56bfc062723c751e8b465ee728b)  -> (artifact id: 'e2d5c6330387f342143401a91893f8f0') in 0.006808 seconds
Internal: There are remaining Allocations on the JobTempAlloc. This is a leak, and will impact performance
To Debug, run app with -diag-job-temp-memory-leak-validation cmd line argument. This will output the callstacks of the leaked allocations.
Number of updated asset objects reloaded before import = 0
Number of asset objects unloaded after import = 34
========================================================================
Received Import Request.
  Time since last request: 9.273816 seconds.
  path: Assets/prefab/Enemy.prefab
  artifactKey: Guid(5d1f424201dd3e94facb5091dc665d1b) Importer(815301076,1909f56bfc062723c751e8b465ee728b)
Start importing Assets/prefab/Enemy.prefab using Guid(5d1f424201dd3e94facb5091dc665d1b) Importer(815301076,1909f56bfc062723c751e8b465ee728b)  -> (artifact id: 'd3c1366c05817b512cefcc49cb3584de') in 0.014346 seconds
Internal: There are remaining Allocations on the JobTempAlloc. This is a leak, and will impact performance
To Debug, run app with -diag-job-temp-memory-leak-validation cmd line argument. This will output the callstacks of the leaked allocations.
Number of updated asset objects reloaded before import = 0
Number of asset objects unloaded after import = 34
========================================================================
Received Import Request.
  Time since last request: 3.997923 seconds.
  path: Assets/prefab/Enemy.prefab
  artifactKey: Guid(5d1f424201dd3e94facb5091dc665d1b) Importer(815301076,1909f56bfc062723c751e8b465ee728b)
Start importing Assets/prefab/Enemy.prefab using Guid(5d1f424201dd3e94facb5091dc665d1b) Importer(815301076,1909f56bfc062723c751e8b465ee728b)  -> (artifact id: '9cabfdc5f19c7bcca164195d461b8df1') in 0.013478 seconds
Internal: There are remaining Allocations on the JobTempAlloc. This is a leak, and will impact performance
To Debug, run app with -diag-job-temp-memory-leak-validation cmd line argument. This will output the callstacks of the leaked allocations.
Number of updated asset objects reloaded before import = 0
Number of asset objects unloaded after import = 34
========================================================================
Received Import Request.
  Time since last request: 4.816007 seconds.
  path: Assets/prefab/Enemy.prefab
  artifactKey: Guid(5d1f424201dd3e94facb5091dc665d1b) Importer(815301076,1909f56bfc062723c751e8b465ee728b)
Start importing Assets/prefab/Enemy.prefab using Guid(5d1f424201dd3e94facb5091dc665d1b) Importer(815301076,1909f56bfc062723c751e8b465ee728b)  -> (artifact id: 'fa65f36396264a65d845f63de9d40f65') in 0.013492 seconds
Internal: There are remaining Allocations on the JobTempAlloc. This is a leak, and will impact performance
To Debug, run app with -diag-job-temp-memory-leak-validation cmd line argument. This will output the callstacks of the leaked allocations.
Number of updated asset objects reloaded before import = 0
Number of asset objects unloaded after import = 34
========================================================================
Received Import Request.
  Time since last request: 2.409084 seconds.
  path: Assets/prefab/Enemy.prefab
  artifactKey: Guid(5d1f424201dd3e94facb5091dc665d1b) Importer(815301076,1909f56bfc062723c751e8b465ee728b)
Start importing Assets/prefab/Enemy.prefab using Guid(5d1f424201dd3e94facb5091dc665d1b) Importer(815301076,1909f56bfc062723c751e8b465ee728b)  -> (artifact id: '95e757c036ff764e71bd484aabe356b0') in 0.013340 seconds
Internal: There are remaining Allocations on the JobTempAlloc. This is a leak, and will impact performance
To Debug, run app with -diag-job-temp-memory-leak-validation cmd line argument. This will output the callstacks of the leaked allocations.
Number of updated asset objects reloaded before import = 0
Number of asset objects unloaded after import = 34
========================================================================
Received Import Request.
  Time since last request: 2.198822 seconds.
  path: Assets/prefab/Enemy.prefab
  artifactKey: Guid(5d1f424201dd3e94facb5091dc665d1b) Importer(815301076,1909f56bfc062723c751e8b465ee728b)
Start importing Assets/prefab/Enemy.prefab using Guid(5d1f424201dd3e94facb5091dc665d1b) Importer(815301076,1909f56bfc062723c751e8b465ee728b)  -> (artifact id: 'bf3945e1dac377e317964ebdf2d348a2') in 0.015267 seconds
Internal: There are remaining Allocations on the JobTempAlloc. This is a leak, and will impact performance
To Debug, run app with -diag-job-temp-memory-leak-validation cmd line argument. This will output the callstacks of the leaked allocations.
Number of updated asset objects reloaded before import = 0
Number of asset objects unloaded after import = 34
========================================================================
Received Import Request.
  Time since last request: 1.992643 seconds.
  path: Assets/prefab/Enemy.prefab
  artifactKey: Guid(5d1f424201dd3e94facb5091dc665d1b) Importer(815301076,1909f56bfc062723c751e8b465ee728b)
Start importing Assets/prefab/Enemy.prefab using Guid(5d1f424201dd3e94facb5091dc665d1b) Importer(815301076,1909f56bfc062723c751e8b465ee728b)  -> (artifact id: '629d7d1742685223d8ae862128b7d8a9') in 0.013116 seconds
Internal: There are remaining Allocations on the JobTempAlloc. This is a leak, and will impact performance
To Debug, run app with -diag-job-temp-memory-leak-validation cmd line argument. This will output the callstacks of the leaked allocations.
Number of updated asset objects reloaded before import = 0
Number of asset objects unloaded after import = 34
========================================================================
Received Import Request.
  Time since last request: 2.200219 seconds.
  path: Assets/prefab/Enemy.prefab
  artifactKey: Guid(5d1f424201dd3e94facb5091dc665d1b) Importer(815301076,1909f56bfc062723c751e8b465ee728b)
Start importing Assets/prefab/Enemy.prefab using Guid(5d1f424201dd3e94facb5091dc665d1b) Importer(815301076,1909f56bfc062723c751e8b465ee728b)  -> (artifact id: '9db9d13abb159c2430b3e383528ca76e') in 0.013073 seconds
Internal: JobTempAlloc has allocations that are more than the maximum lifespan of 4 frames old - this is not allowed and likely a leak
To Debug, run app with -diag-job-temp-memory-leak-validation cmd line argument. This will output the callstacks of the leaked allocations.
Internal: There are remaining Allocations on the JobTempAlloc. This is a leak, and will impact performance
To Debug, run app with -diag-job-temp-memory-leak-validation cmd line argument. This will output the callstacks of the leaked allocations.
Number of updated asset objects reloaded before import = 0
Number of asset objects unloaded after import = 34
========================================================================
Received Import Request.
  Time since last request: 1.801399 seconds.
  path: Assets/prefab/Enemy.prefab
  artifactKey: Guid(5d1f424201dd3e94facb5091dc665d1b) Importer(815301076,1909f56bfc062723c751e8b465ee728b)
Start importing Assets/prefab/Enemy.prefab using Guid(5d1f424201dd3e94facb5091dc665d1b) Importer(815301076,1909f56bfc062723c751e8b465ee728b)  -> (artifact id: '7b50993fcc07982f1ff2304272bc6b49') in 0.015067 seconds
Internal: There are remaining Allocations on the JobTempAlloc. This is a leak, and will impact performance
To Debug, run app with -diag-job-temp-memory-leak-validation cmd line argument. This will output the callstacks of the leaked allocations.
Number of updated asset objects reloaded before import = 0
Number of asset objects unloaded after import = 34
========================================================================
Received Import Request.
  Time since last request: 3.610928 seconds.
  path: Assets/prefab/Enemy.prefab
  artifactKey: Guid(5d1f424201dd3e94facb5091dc665d1b) Importer(815301076,1909f56bfc062723c751e8b465ee728b)
Start importing Assets/prefab/Enemy.prefab using Guid(5d1f424201dd3e94facb5091dc665d1b) Importer(815301076,1909f56bfc062723c751e8b465ee728b)  -> (artifact id: 'a69188a709b52a30b6cf74631196cc0d') in 0.035244 seconds
Internal: There are remaining Allocations on the JobTempAlloc. This is a leak, and will impact performance
To Debug, run app with -diag-job-temp-memory-leak-validation cmd line argument. This will output the callstacks of the leaked allocations.
Number of updated asset objects reloaded before import = 0
Number of asset objects unloaded after import = 34
========================================================================
Received Import Request.
  Time since last request: 1.765941 seconds.
  path: Assets/prefab/Enemy.prefab
  artifactKey: Guid(5d1f424201dd3e94facb5091dc665d1b) Importer(815301076,1909f56bfc062723c751e8b465ee728b)
Start importing Assets/prefab/Enemy.prefab using Guid(5d1f424201dd3e94facb5091dc665d1b) Importer(815301076,1909f56bfc062723c751e8b465ee728b)  -> (artifact id: '500c55c6c030543bda19e375235701ea') in 0.017584 seconds
Internal: There are remaining Allocations on the JobTempAlloc. This is a leak, and will impact performance
To Debug, run app with -diag-job-temp-memory-leak-validation cmd line argument. This will output the callstacks of the leaked allocations.
Number of updated asset objects reloaded before import = 0
Number of asset objects unloaded after import = 34
========================================================================
Received Import Request.
  Time since last request: 10.068455 seconds.
  path: Assets/prefab/Enemy.prefab
  artifactKey: Guid(5d1f424201dd3e94facb5091dc665d1b) Importer(815301076,1909f56bfc062723c751e8b465ee728b)
Start importing Assets/prefab/Enemy.prefab using Guid(5d1f424201dd3e94facb5091dc665d1b) Importer(815301076,1909f56bfc062723c751e8b465ee728b)  -> (artifact id: 'e6bd7227e558b5efb581f18db6641013') in 0.014306 seconds
Internal: There are remaining Allocations on the JobTempAlloc. This is a leak, and will impact performance
To Debug, run app with -diag-job-temp-memory-leak-validation cmd line argument. This will output the callstacks of the leaked allocations.
Number of updated asset objects reloaded before import = 0
Number of asset objects unloaded after import = 34
========================================================================
Received Import Request.
  Time since last request: 3.412226 seconds.
  path: Assets/prefab/Enemy.prefab
  artifactKey: Guid(5d1f424201dd3e94facb5091dc665d1b) Importer(815301076,1909f56bfc062723c751e8b465ee728b)
Start importing Assets/prefab/Enemy.prefab using Guid(5d1f424201dd3e94facb5091dc665d1b) Importer(815301076,1909f56bfc062723c751e8b465ee728b)  -> (artifact id: '129809ef739f2315c5072e12bbdd4e6f') in 0.026790 seconds
Internal: There are remaining Allocations on the JobTempAlloc. This is a leak, and will impact performance
To Debug, run app with -diag-job-temp-memory-leak-validation cmd line argument. This will output the callstacks of the leaked allocations.
Number of updated asset objects reloaded before import = 0
Number of asset objects unloaded after import = 34
========================================================================
Received Import Request.
  Time since last request: 3.400649 seconds.
  path: Assets/prefab/Enemy.prefab
  artifactKey: Guid(5d1f424201dd3e94facb5091dc665d1b) Importer(815301076,1909f56bfc062723c751e8b465ee728b)
Start importing Assets/prefab/Enemy.prefab using Guid(5d1f424201dd3e94facb5091dc665d1b) Importer(815301076,1909f56bfc062723c751e8b465ee728b)  -> (artifact id: '747118b2b682bb20169c7b1b7ab87271') in 0.018575 seconds
Internal: There are remaining Allocations on the JobTempAlloc. This is a leak, and will impact performance
To Debug, run app with -diag-job-temp-memory-leak-validation cmd line argument. This will output the callstacks of the leaked allocations.
Number of updated asset objects reloaded before import = 0
Number of asset objects unloaded after import = 34
========================================================================
Received Import Request.
  Time since last request: 2.191366 seconds.
  path: Assets/prefab/Enemy.prefab
  artifactKey: Guid(5d1f424201dd3e94facb5091dc665d1b) Importer(815301076,1909f56bfc062723c751e8b465ee728b)
Start importing Assets/prefab/Enemy.prefab using Guid(5d1f424201dd3e94facb5091dc665d1b) Importer(815301076,1909f56bfc062723c751e8b465ee728b)  -> (artifact id: '5b0e7bb2ae02c4e7590b5e38931b1385') in 0.018240 seconds
Internal: There are remaining Allocations on the JobTempAlloc. This is a leak, and will impact performance
To Debug, run app with -diag-job-temp-memory-leak-validation cmd line argument. This will output the callstacks of the leaked allocations.
Number of updated asset objects reloaded before import = 0
Number of asset objects unloaded after import = 34
========================================================================
Received Import Request.
  Time since last request: 16.305103 seconds.
  path: Assets/prefab/Enemy.prefab
  artifactKey: Guid(5d1f424201dd3e94facb5091dc665d1b) Importer(815301076,1909f56bfc062723c751e8b465ee728b)
Start importing Assets/prefab/Enemy.prefab using Guid(5d1f424201dd3e94facb5091dc665d1b) Importer(815301076,1909f56bfc062723c751e8b465ee728b)  -> (artifact id: '8d4e58a6e955b71daccd79571f76a09d') in 0.020212 seconds
Internal: There are remaining Allocations on the JobTempAlloc. This is a leak, and will impact performance
To Debug, run app with -diag-job-temp-memory-leak-validation cmd line argument. This will output the callstacks of the leaked allocations.
Number of updated asset objects reloaded before import = 0
Number of asset objects unloaded after import = 34
========================================================================
Received Import Request.
  Time since last request: 1.979227 seconds.
  path: Assets/prefab/Enemy.prefab
  artifactKey: Guid(5d1f424201dd3e94facb5091dc665d1b) Importer(815301076,1909f56bfc062723c751e8b465ee728b)
Start importing Assets/prefab/Enemy.prefab using Guid(5d1f424201dd3e94facb5091dc665d1b) Importer(815301076,1909f56bfc062723c751e8b465ee728b)  -> (artifact id: 'f32022890b924832ee3ab1d94c91eac3') in 0.011935 seconds
Internal: There are remaining Allocations on the JobTempAlloc. This is a leak, and will impact performance
To Debug, run app with -diag-job-temp-memory-leak-validation cmd line argument. This will output the callstacks of the leaked allocations.
Number of updated asset objects reloaded before import = 0
Number of asset objects unloaded after import = 34
========================================================================
Received Import Request.
  Time since last request: 3.637635 seconds.
  path: Assets/prefab/Enemy.prefab
  artifactKey: Guid(5d1f424201dd3e94facb5091dc665d1b) Importer(815301076,1909f56bfc062723c751e8b465ee728b)
Start importing Assets/prefab/Enemy.prefab using Guid(5d1f424201dd3e94facb5091dc665d1b) Importer(815301076,1909f56bfc062723c751e8b465ee728b)  -> (artifact id: 'aea6e168d6d818ca5133ad0c7f501cbc') in 0.018728 seconds
Internal: There are remaining Allocations on the JobTempAlloc. This is a leak, and will impact performance
To Debug, run app with -diag-job-temp-memory-leak-validation cmd line argument. This will output the callstacks of the leaked allocations.
Number of updated asset objects reloaded before import = 0
Number of asset objects unloaded after import = 34
========================================================================
Received Import Request.
  Time since last request: 2.181065 seconds.
  path: Assets/prefab/Enemy.prefab
  artifactKey: Guid(5d1f424201dd3e94facb5091dc665d1b) Importer(815301076,1909f56bfc062723c751e8b465ee728b)
Start importing Assets/prefab/Enemy.prefab using Guid(5d1f424201dd3e94facb5091dc665d1b) Importer(815301076,1909f56bfc062723c751e8b465ee728b)  -> (artifact id: '55603cc8fd105fe1c891c7594d02bd35') in 0.017035 seconds
Internal: There are remaining Allocations on the JobTempAlloc. This is a leak, and will impact performance
To Debug, run app with -diag-job-temp-memory-leak-validation cmd line argument. This will output the callstacks of the leaked allocations.
Number of updated asset objects reloaded before import = 0
Number of asset objects unloaded after import = 34
========================================================================
Received Import Request.
  Time since last request: 4.611113 seconds.
  path: Assets/prefab/Enemy.prefab
  artifactKey: Guid(5d1f424201dd3e94facb5091dc665d1b) Importer(815301076,1909f56bfc062723c751e8b465ee728b)
Start importing Assets/prefab/Enemy.prefab using Guid(5d1f424201dd3e94facb5091dc665d1b) Importer(815301076,1909f56bfc062723c751e8b465ee728b)  -> (artifact id: 'ced364656e20c8f19085c6c57b38af44') in 0.014139 seconds
Internal: There are remaining Allocations on the JobTempAlloc. This is a leak, and will impact performance
To Debug, run app with -diag-job-temp-memory-leak-validation cmd line argument. This will output the callstacks of the leaked allocations.
Number of updated asset objects reloaded before import = 0
Number of asset objects unloaded after import = 34
========================================================================
Received Import Request.
  Time since last request: 4.228439 seconds.
  path: Assets/prefab/Enemy.prefab
  artifactKey: Guid(5d1f424201dd3e94facb5091dc665d1b) Importer(815301076,1909f56bfc062723c751e8b465ee728b)
Start importing Assets/prefab/Enemy.prefab using Guid(5d1f424201dd3e94facb5091dc665d1b) Importer(815301076,1909f56bfc062723c751e8b465ee728b)  -> (artifact id: '5deffb203ed7c8b5251b19ea959d7cc5') in 0.037123 seconds
Internal: There are remaining Allocations on the JobTempAlloc. This is a leak, and will impact performance
To Debug, run app with -diag-job-temp-memory-leak-validation cmd line argument. This will output the callstacks of the leaked allocations.
Number of updated asset objects reloaded before import = 0
Number of asset objects unloaded after import = 34
========================================================================
Received Import Request.
  Time since last request: 5.204750 seconds.
  path: Assets/prefab/Enemy.prefab
  artifactKey: Guid(5d1f424201dd3e94facb5091dc665d1b) Importer(815301076,1909f56bfc062723c751e8b465ee728b)
Start importing Assets/prefab/Enemy.prefab using Guid(5d1f424201dd3e94facb5091dc665d1b) Importer(815301076,1909f56bfc062723c751e8b465ee728b)  -> (artifact id: '91f7216176130ff7f0e90d20229c48ce') in 0.013432 seconds
Internal: There are remaining Allocations on the JobTempAlloc. This is a leak, and will impact performance
To Debug, run app with -diag-job-temp-memory-leak-validation cmd line argument. This will output the callstacks of the leaked allocations.
Number of updated asset objects reloaded before import = 0
Number of asset objects unloaded after import = 34
========================================================================
Received Import Request.
  Time since last request: 3.610118 seconds.
  path: Assets/prefab/Enemy.prefab
  artifactKey: Guid(5d1f424201dd3e94facb5091dc665d1b) Importer(815301076,1909f56bfc062723c751e8b465ee728b)
Start importing Assets/prefab/Enemy.prefab using Guid(5d1f424201dd3e94facb5091dc665d1b) Importer(815301076,1909f56bfc062723c751e8b465ee728b)  -> (artifact id: 'c12fdb877a238f9db16f3a5887f8114f') in 0.049581 seconds
Internal: There are remaining Allocations on the JobTempAlloc. This is a leak, and will impact performance
To Debug, run app with -diag-job-temp-memory-leak-validation cmd line argument. This will output the callstacks of the leaked allocations.
Number of updated asset objects reloaded before import = 0
Number of asset objects unloaded after import = 34
========================================================================
Received Import Request.
  Time since last request: 10.399712 seconds.
  path: Assets/prefab/Enemy.prefab
  artifactKey: Guid(5d1f424201dd3e94facb5091dc665d1b) Importer(815301076,1909f56bfc062723c751e8b465ee728b)
Start importing Assets/prefab/Enemy.prefab using Guid(5d1f424201dd3e94facb5091dc665d1b) Importer(815301076,1909f56bfc062723c751e8b465ee728b)  -> (artifact id: '344d70a22a9c794e03be7aa75f2ed006') in 0.007615 seconds
Internal: There are remaining Allocations on the JobTempAlloc. This is a leak, and will impact performance
To Debug, run app with -diag-job-temp-memory-leak-validation cmd line argument. This will output the callstacks of the leaked allocations.
Number of updated asset objects reloaded before import = 0
Number of asset objects unloaded after import = 34
========================================================================
Received Import Request.
  Time since last request: 3.194514 seconds.
  path: Assets/prefab/Enemy.prefab
  artifactKey: Guid(5d1f424201dd3e94facb5091dc665d1b) Importer(815301076,1909f56bfc062723c751e8b465ee728b)
Start importing Assets/prefab/Enemy.prefab using Guid(5d1f424201dd3e94facb5091dc665d1b) Importer(815301076,1909f56bfc062723c751e8b465ee728b)  -> (artifact id: 'c4b4ca201fead63ac5e92ee1660a252d') in 0.005603 seconds
Internal: There are remaining Allocations on the JobTempAlloc. This is a leak, and will impact performance
To Debug, run app with -diag-job-temp-memory-leak-validation cmd line argument. This will output the callstacks of the leaked allocations.
Number of updated asset objects reloaded before import = 0
Number of asset objects unloaded after import = 34
========================================================================
Received Prepare
Begin MonoManager ReloadAssembly
Symbol file LoadedFromMemory is not a mono symbol file
- Loaded All Assemblies, in  0.596 seconds
Refreshing native plugins compatible for Editor in 38.73 ms, found 2 plugins.
Native extension for WindowsStandalone target not found
Native extension for WebGL target not found
Mono: successfully reloaded assembly
- Finished resetting the current domain, in  0.644 seconds
Domain Reload Profiling: 1239ms
	BeginReloadAssembly (234ms)
		ExecutionOrderSort (0ms)
		DisableScriptedObjects (4ms)
		BackupInstance (0ms)
		ReleaseScriptingObjects (0ms)
		CreateAndSetChildDomain (30ms)
	RebuildCommonClasses (26ms)
	RebuildNativeTypeToScriptingClass (8ms)
	initialDomainReloadingComplete (26ms)
	LoadAllAssembliesAndSetupDomain (301ms)
		LoadAssemblies (194ms)
		RebuildTransferFunctionScriptingTraits (0ms)
		AnalyzeDomain (161ms)
			TypeCache.Refresh (156ms)
				TypeCache.ScanAssembly (147ms)
			ScanForSourceGeneratedMonoScriptInfo (2ms)
			ResolveRequiredComponents (3ms)
	FinalizeReload (645ms)
		ReleaseScriptCaches (0ms)
		RebuildScriptCaches (0ms)
		SetupLoadedEditorAssemblies (321ms)
			LogAssemblyErrors (0ms)
			InitializePlatformSupportModulesInManaged (7ms)
			SetLoadedEditorAssemblies (3ms)
			RefreshPlugins (0ms)
			BeforeProcessingInitializeOnLoad (47ms)
			ProcessInitializeOnLoadAttributes (157ms)
			ProcessInitializeOnLoadMethodAttributes (99ms)
			AfterProcessingInitializeOnLoad (9ms)
			EditorAssembliesLoaded (0ms)
		ExecutionOrderSort2 (0ms)
		AwakeInstancesAfterBackupRestoration (5ms)
Refreshing native plugins compatible for Editor in 4.91 ms, found 2 plugins.
Preloading 0 native plugins for Editor in 0.00 ms.
Unloading 2498 Unused Serialized files (Serialized files now loaded: 0)
Unloading 54 unused Assets / (44.4 KB). Loaded Objects now: 2995.
Memory consumption went from 113.0 MB to 112.9 MB.
Total: 5.367300 ms (FindLiveObjects: 0.282800 ms CreateObjectMapping: 0.075700 ms MarkObjects: 4.927800 ms  DeleteObjects: 0.080200 ms)

Prepare: number of updated asset objects reloaded= 0
AssetImportParameters requested are different than current active one (requested -> active):
  custom:video-decoder-webm-vp8: 9c59270c3fd7afecdb556c50c9e8de78 -> 
  custom:container-demuxer-ogg: 62fdf1f143b41e24485cea50d1cbac27 -> 
  custom:AudioImporter_EditorPlatform: d09bf68614088b80899f8185d706f6e7 -> 
  custom:video-decoder-ogg-theora: a1e56fd34408186e4bbccfd4996cb3dc -> 
  custom:framework-win-MediaFoundation: 216162199b28c13a410421893ffa2e32 -> 
  custom:video-encoder-webm-vp8: eb34c28f22e8b96e1ab97ce403110664 -> 
  custom:audio-decoder-ogg-vorbis: bf7c407c2cedff20999df2af8eb42d56 -> 
  custom:CustomObjectIndexerAttribute: 756ad292c208cfabdd7b50bc23989ffe -> 
  custom:container-demuxer-webm: 4f35f7cbe854078d1ac9338744f61a02 -> 
  custom:audio-encoder-webm-vorbis: bf7c407c2cedff20999df2af8eb42d56 -> 
  custom:container-muxer-webm: aa71ff27fc2769a1b78a27578f13a17b -> 
========================================================================
Received Import Request.
  Time since last request: 15.294350 seconds.
  path: Assets/prefab/Enemy.prefab
  artifactKey: Guid(5d1f424201dd3e94facb5091dc665d1b) Importer(815301076,1909f56bfc062723c751e8b465ee728b)
Start importing Assets/prefab/Enemy.prefab using Guid(5d1f424201dd3e94facb5091dc665d1b) Importer(815301076,1909f56bfc062723c751e8b465ee728b)  -> (artifact id: '533acf84105f7e8873df64cbf1a12b3d') in 0.041048 seconds
Number of updated asset objects reloaded before import = 0
Number of asset objects unloaded after import = 35
========================================================================
Received Prepare
Begin MonoManager ReloadAssembly
Symbol file LoadedFromMemory is not a mono symbol file
- Loaded All Assemblies, in  0.600 seconds
Refreshing native plugins compatible for Editor in 5.34 ms, found 2 plugins.
Native extension for WindowsStandalone target not found
Native extension for WebGL target not found
Mono: successfully reloaded assembly
- Finished resetting the current domain, in  0.650 seconds
Domain Reload Profiling: 1249ms
	BeginReloadAssembly (233ms)
		ExecutionOrderSort (0ms)
		DisableScriptedObjects (5ms)
		BackupInstance (0ms)
		ReleaseScriptingObjects (0ms)
		CreateAndSetChildDomain (33ms)
	RebuildCommonClasses (27ms)
	RebuildNativeTypeToScriptingClass (8ms)
	initialDomainReloadingComplete (25ms)
	LoadAllAssembliesAndSetupDomain (305ms)
		LoadAssemblies (189ms)
		RebuildTransferFunctionScriptingTraits (0ms)
		AnalyzeDomain (165ms)
			TypeCache.Refresh (159ms)
				TypeCache.ScanAssembly (148ms)
			ScanForSourceGeneratedMonoScriptInfo (3ms)
			ResolveRequiredComponents (3ms)
	FinalizeReload (651ms)
		ReleaseScriptCaches (0ms)
		RebuildScriptCaches (0ms)
		SetupLoadedEditorAssemblies (376ms)
			LogAssemblyErrors (0ms)
			InitializePlatformSupportModulesInManaged (10ms)
			SetLoadedEditorAssemblies (3ms)
			RefreshPlugins (0ms)
			BeforeProcessingInitializeOnLoad (120ms)
			ProcessInitializeOnLoadAttributes (145ms)
			ProcessInitializeOnLoadMethodAttributes (88ms)
			AfterProcessingInitializeOnLoad (9ms)
			EditorAssembliesLoaded (0ms)
		ExecutionOrderSort2 (0ms)
		AwakeInstancesAfterBackupRestoration (5ms)
Refreshing native plugins compatible for Editor in 3.76 ms, found 2 plugins.
Preloading 0 native plugins for Editor in 0.00 ms.
Unloading 2498 Unused Serialized files (Serialized files now loaded: 0)
Unloading 52 unused Assets / (42.7 KB). Loaded Objects now: 2998.
Memory consumption went from 112.9 MB to 112.9 MB.
Total: 5.720100 ms (FindLiveObjects: 0.247200 ms CreateObjectMapping: 0.061400 ms MarkObjects: 5.339000 ms  DeleteObjects: 0.071600 ms)

Prepare: number of updated asset objects reloaded= 0
AssetImportParameters requested are different than current active one (requested -> active):
  custom:video-decoder-webm-vp8: 9c59270c3fd7afecdb556c50c9e8de78 -> 
  custom:container-demuxer-ogg: 62fdf1f143b41e24485cea50d1cbac27 -> 
  custom:AudioImporter_EditorPlatform: d09bf68614088b80899f8185d706f6e7 -> 
  custom:video-decoder-ogg-theora: a1e56fd34408186e4bbccfd4996cb3dc -> 
  custom:framework-win-MediaFoundation: 216162199b28c13a410421893ffa2e32 -> 
  custom:video-encoder-webm-vp8: eb34c28f22e8b96e1ab97ce403110664 -> 
  custom:audio-decoder-ogg-vorbis: bf7c407c2cedff20999df2af8eb42d56 -> 
  custom:CustomObjectIndexerAttribute: 756ad292c208cfabdd7b50bc23989ffe -> 
  custom:container-demuxer-webm: 4f35f7cbe854078d1ac9338744f61a02 -> 
  custom:audio-encoder-webm-vorbis: bf7c407c2cedff20999df2af8eb42d56 -> 
  custom:container-muxer-webm: aa71ff27fc2769a1b78a27578f13a17b -> 
========================================================================
Received Prepare
Begin MonoManager ReloadAssembly
Symbol file LoadedFromMemory is not a mono symbol file
- Loaded All Assemblies, in  0.574 seconds
Refreshing native plugins compatible for Editor in 4.02 ms, found 2 plugins.
Native extension for WindowsStandalone target not found
Native extension for WebGL target not found
Mono: successfully reloaded assembly
- Finished resetting the current domain, in  0.599 seconds
Domain Reload Profiling: 1170ms
	BeginReloadAssembly (217ms)
		ExecutionOrderSort (0ms)
		DisableScriptedObjects (5ms)
		BackupInstance (0ms)
		ReleaseScriptingObjects (0ms)
		CreateAndSetChildDomain (27ms)
	RebuildCommonClasses (23ms)
	RebuildNativeTypeToScriptingClass (7ms)
	initialDomainReloadingComplete (26ms)
	LoadAllAssembliesAndSetupDomain (297ms)
		LoadAssemblies (199ms)
		RebuildTransferFunctionScriptingTraits (0ms)
		AnalyzeDomain (148ms)
			TypeCache.Refresh (145ms)
				TypeCache.ScanAssembly (135ms)
			ScanForSourceGeneratedMonoScriptInfo (1ms)
			ResolveRequiredComponents (2ms)
	FinalizeReload (600ms)
		ReleaseScriptCaches (0ms)
		RebuildScriptCaches (0ms)
		SetupLoadedEditorAssemblies (306ms)
			LogAssemblyErrors (0ms)
			InitializePlatformSupportModulesInManaged (6ms)
			SetLoadedEditorAssemblies (2ms)
			RefreshPlugins (0ms)
			BeforeProcessingInitializeOnLoad (42ms)
			ProcessInitializeOnLoadAttributes (153ms)
			ProcessInitializeOnLoadMethodAttributes (93ms)
			AfterProcessingInitializeOnLoad (9ms)
			EditorAssembliesLoaded (0ms)
		ExecutionOrderSort2 (0ms)
		AwakeInstancesAfterBackupRestoration (5ms)
Refreshing native plugins compatible for Editor in 4.36 ms, found 2 plugins.
Preloading 0 native plugins for Editor in 0.00 ms.
Unloading 2498 Unused Serialized files (Serialized files now loaded: 0)
Unloading 52 unused Assets / (42.6 KB). Loaded Objects now: 3001.
Memory consumption went from 113.0 MB to 112.9 MB.
Total: 5.291600 ms (FindLiveObjects: 0.157600 ms CreateObjectMapping: 0.070900 ms MarkObjects: 4.999900 ms  DeleteObjects: 0.062400 ms)

Prepare: number of updated asset objects reloaded= 0
AssetImportParameters requested are different than current active one (requested -> active):
  custom:video-decoder-webm-vp8: 9c59270c3fd7afecdb556c50c9e8de78 -> 
  custom:container-demuxer-ogg: 62fdf1f143b41e24485cea50d1cbac27 -> 
  custom:AudioImporter_EditorPlatform: d09bf68614088b80899f8185d706f6e7 -> 
  custom:video-decoder-ogg-theora: a1e56fd34408186e4bbccfd4996cb3dc -> 
  custom:framework-win-MediaFoundation: 216162199b28c13a410421893ffa2e32 -> 
  custom:video-encoder-webm-vp8: eb34c28f22e8b96e1ab97ce403110664 -> 
  custom:audio-decoder-ogg-vorbis: bf7c407c2cedff20999df2af8eb42d56 -> 
  custom:CustomObjectIndexerAttribute: 756ad292c208cfabdd7b50bc23989ffe -> 
  custom:container-demuxer-webm: 4f35f7cbe854078d1ac9338744f61a02 -> 
  custom:audio-encoder-webm-vorbis: bf7c407c2cedff20999df2af8eb42d56 -> 
  custom:container-muxer-webm: aa71ff27fc2769a1b78a27578f13a17b -> 
========================================================================
Received Prepare
Begin MonoManager ReloadAssembly
Symbol file LoadedFromMemory is not a mono symbol file
- Loaded All Assemblies, in  0.596 seconds
Refreshing native plugins compatible for Editor in 3.65 ms, found 2 plugins.
Native extension for WindowsStandalone target not found
Native extension for WebGL target not found
Mono: successfully reloaded assembly
- Finished resetting the current domain, in  0.550 seconds
Domain Reload Profiling: 1143ms
	BeginReloadAssembly (238ms)
		ExecutionOrderSort (0ms)
		DisableScriptedObjects (6ms)
		BackupInstance (0ms)
		ReleaseScriptingObjects (0ms)
		CreateAndSetChildDomain (34ms)
	RebuildCommonClasses (23ms)
	RebuildNativeTypeToScriptingClass (9ms)
	initialDomainReloadingComplete (34ms)
	LoadAllAssembliesAndSetupDomain (290ms)
		LoadAssemblies (188ms)
		RebuildTransferFunctionScriptingTraits (0ms)
		AnalyzeDomain (152ms)
			TypeCache.Refresh (147ms)
				TypeCache.ScanAssembly (138ms)
			ScanForSourceGeneratedMonoScriptInfo (2ms)
			ResolveRequiredComponents (2ms)
	FinalizeReload (550ms)
		ReleaseScriptCaches (0ms)
		RebuildScriptCaches (0ms)
		SetupLoadedEditorAssemblies (313ms)
			LogAssemblyErrors (0ms)
			InitializePlatformSupportModulesInManaged (7ms)
			SetLoadedEditorAssemblies (2ms)
			RefreshPlugins (0ms)
			BeforeProcessingInitializeOnLoad (47ms)
			ProcessInitializeOnLoadAttributes (155ms)
			ProcessInitializeOnLoadMethodAttributes (93ms)
			AfterProcessingInitializeOnLoad (8ms)
			EditorAssembliesLoaded (0ms)
		ExecutionOrderSort2 (0ms)
		AwakeInstancesAfterBackupRestoration (5ms)
Refreshing native plugins compatible for Editor in 3.90 ms, found 2 plugins.
Preloading 0 native plugins for Editor in 0.00 ms.
Unloading 2498 Unused Serialized files (Serialized files now loaded: 0)
Unloading 52 unused Assets / (42.8 KB). Loaded Objects now: 3004.
Memory consumption went from 113.0 MB to 112.9 MB.
Total: 4.971600 ms (FindLiveObjects: 0.186800 ms CreateObjectMapping: 0.073600 ms MarkObjects: 4.654800 ms  DeleteObjects: 0.055800 ms)

Prepare: number of updated asset objects reloaded= 0
AssetImportParameters requested are different than current active one (requested -> active):
  custom:video-decoder-webm-vp8: 9c59270c3fd7afecdb556c50c9e8de78 -> 
  custom:container-demuxer-ogg: 62fdf1f143b41e24485cea50d1cbac27 -> 
  custom:AudioImporter_EditorPlatform: d09bf68614088b80899f8185d706f6e7 -> 
  custom:video-decoder-ogg-theora: a1e56fd34408186e4bbccfd4996cb3dc -> 
  custom:framework-win-MediaFoundation: 216162199b28c13a410421893ffa2e32 -> 
  custom:video-encoder-webm-vp8: eb34c28f22e8b96e1ab97ce403110664 -> 
  custom:audio-decoder-ogg-vorbis: bf7c407c2cedff20999df2af8eb42d56 -> 
  custom:CustomObjectIndexerAttribute: 756ad292c208cfabdd7b50bc23989ffe -> 
  custom:container-demuxer-webm: 4f35f7cbe854078d1ac9338744f61a02 -> 
  custom:audio-encoder-webm-vorbis: bf7c407c2cedff20999df2af8eb42d56 -> 
  custom:container-muxer-webm: aa71ff27fc2769a1b78a27578f13a17b -> 
========================================================================
Received Prepare
Begin MonoManager ReloadAssembly
Symbol file LoadedFromMemory is not a mono symbol file
- Loaded All Assemblies, in  0.587 seconds
Refreshing native plugins compatible for Editor in 6.02 ms, found 2 plugins.
Native extension for WindowsStandalone target not found
Native extension for WebGL target not found
Mono: successfully reloaded assembly
- Finished resetting the current domain, in  0.548 seconds
Domain Reload Profiling: 1134ms
	BeginReloadAssembly (224ms)
		ExecutionOrderSort (0ms)
		DisableScriptedObjects (4ms)
		BackupInstance (0ms)
		ReleaseScriptingObjects (0ms)
		CreateAndSetChildDomain (29ms)
	RebuildCommonClasses (23ms)
	RebuildNativeTypeToScriptingClass (8ms)
	initialDomainReloadingComplete (28ms)
	LoadAllAssembliesAndSetupDomain (302ms)
		LoadAssemblies (190ms)
		RebuildTransferFunctionScriptingTraits (0ms)
		AnalyzeDomain (158ms)
			TypeCache.Refresh (155ms)
				TypeCache.ScanAssembly (145ms)
			ScanForSourceGeneratedMonoScriptInfo (0ms)
			ResolveRequiredComponents (3ms)
	FinalizeReload (549ms)
		ReleaseScriptCaches (0ms)
		RebuildScriptCaches (0ms)
		SetupLoadedEditorAssemblies (313ms)
			LogAssemblyErrors (0ms)
			InitializePlatformSupportModulesInManaged (7ms)
			SetLoadedEditorAssemblies (2ms)
			RefreshPlugins (0ms)
			BeforeProcessingInitializeOnLoad (42ms)
			ProcessInitializeOnLoadAttributes (160ms)
			ProcessInitializeOnLoadMethodAttributes (94ms)
			AfterProcessingInitializeOnLoad (8ms)
			EditorAssembliesLoaded (0ms)
		ExecutionOrderSort2 (0ms)
		AwakeInstancesAfterBackupRestoration (5ms)
Refreshing native plugins compatible for Editor in 3.81 ms, found 2 plugins.
Preloading 0 native plugins for Editor in 0.00 ms.
Unloading 2498 Unused Serialized files (Serialized files now loaded: 0)
Unloading 52 unused Assets / (42.8 KB). Loaded Objects now: 3007.
Memory consumption went from 113.0 MB to 112.9 MB.
Total: 5.525600 ms (FindLiveObjects: 0.155500 ms CreateObjectMapping: 0.079000 ms MarkObjects: 5.216000 ms  DeleteObjects: 0.074500 ms)

Prepare: number of updated asset objects reloaded= 0
AssetImportParameters requested are different than current active one (requested -> active):
  custom:video-decoder-webm-vp8: 9c59270c3fd7afecdb556c50c9e8de78 -> 
  custom:container-demuxer-ogg: 62fdf1f143b41e24485cea50d1cbac27 -> 
  custom:AudioImporter_EditorPlatform: d09bf68614088b80899f8185d706f6e7 -> 
  custom:video-decoder-ogg-theora: a1e56fd34408186e4bbccfd4996cb3dc -> 
  custom:framework-win-MediaFoundation: 216162199b28c13a410421893ffa2e32 -> 
  custom:video-encoder-webm-vp8: eb34c28f22e8b96e1ab97ce403110664 -> 
  custom:audio-decoder-ogg-vorbis: bf7c407c2cedff20999df2af8eb42d56 -> 
  custom:CustomObjectIndexerAttribute: 756ad292c208cfabdd7b50bc23989ffe -> 
  custom:container-demuxer-webm: 4f35f7cbe854078d1ac9338744f61a02 -> 
  custom:audio-encoder-webm-vorbis: bf7c407c2cedff20999df2af8eb42d56 -> 
  custom:container-muxer-webm: aa71ff27fc2769a1b78a27578f13a17b -> 
========================================================================
Received Import Request.
  Time since last request: 659.131039 seconds.
  path: Assets/prefab/Enemy.prefab
  artifactKey: Guid(5d1f424201dd3e94facb5091dc665d1b) Importer(815301076,1909f56bfc062723c751e8b465ee728b)
Start importing Assets/prefab/Enemy.prefab using Guid(5d1f424201dd3e94facb5091dc665d1b) Importer(815301076,1909f56bfc062723c751e8b465ee728b)  -> (artifact id: '83bbe595ea0a152efe2146fc94389630') in 0.057442 seconds
Number of updated asset objects reloaded before import = 0
Number of asset objects unloaded after import = 39
========================================================================
Received Prepare
Begin MonoManager ReloadAssembly
Symbol file LoadedFromMemory is not a mono symbol file
- Loaded All Assemblies, in  0.590 seconds
Refreshing native plugins compatible for Editor in 6.26 ms, found 2 plugins.
Native extension for WindowsStandalone target not found
Native extension for WebGL target not found
Mono: successfully reloaded assembly
- Finished resetting the current domain, in  0.553 seconds
Domain Reload Profiling: 1142ms
	BeginReloadAssembly (238ms)
		ExecutionOrderSort (0ms)
		DisableScriptedObjects (5ms)
		BackupInstance (0ms)
		ReleaseScriptingObjects (0ms)
		CreateAndSetChildDomain (32ms)
	RebuildCommonClasses (27ms)
	RebuildNativeTypeToScriptingClass (8ms)
	initialDomainReloadingComplete (26ms)
	LoadAllAssembliesAndSetupDomain (289ms)
		LoadAssemblies (195ms)
		RebuildTransferFunctionScriptingTraits (0ms)
		AnalyzeDomain (148ms)
			TypeCache.Refresh (144ms)
				TypeCache.ScanAssembly (135ms)
			ScanForSourceGeneratedMonoScriptInfo (1ms)
			ResolveRequiredComponents (2ms)
	FinalizeReload (553ms)
		ReleaseScriptCaches (0ms)
		RebuildScriptCaches (0ms)
		SetupLoadedEditorAssemblies (320ms)
			LogAssemblyErrors (0ms)
			InitializePlatformSupportModulesInManaged (7ms)
			SetLoadedEditorAssemblies (2ms)
			RefreshPlugins (0ms)
			BeforeProcessingInitializeOnLoad (49ms)
			ProcessInitializeOnLoadAttributes (156ms)
			ProcessInitializeOnLoadMethodAttributes (97ms)
			AfterProcessingInitializeOnLoad (9ms)
			EditorAssembliesLoaded (0ms)
		ExecutionOrderSort2 (0ms)
		AwakeInstancesAfterBackupRestoration (6ms)
Refreshing native plugins compatible for Editor in 3.88 ms, found 2 plugins.
Preloading 0 native plugins for Editor in 0.00 ms.
Unloading 2498 Unused Serialized files (Serialized files now loaded: 0)
Unloading 52 unused Assets / (42.8 KB). Loaded Objects now: 3010.
Memory consumption went from 113.0 MB to 112.9 MB.
Total: 5.974000 ms (FindLiveObjects: 0.187000 ms CreateObjectMapping: 0.089800 ms MarkObjects: 5.627600 ms  DeleteObjects: 0.069000 ms)

Prepare: number of updated asset objects reloaded= 0
AssetImportParameters requested are different than current active one (requested -> active):
  custom:video-decoder-webm-vp8: 9c59270c3fd7afecdb556c50c9e8de78 -> 
  custom:container-demuxer-ogg: 62fdf1f143b41e24485cea50d1cbac27 -> 
  custom:AudioImporter_EditorPlatform: d09bf68614088b80899f8185d706f6e7 -> 
  custom:video-decoder-ogg-theora: a1e56fd34408186e4bbccfd4996cb3dc -> 
  custom:framework-win-MediaFoundation: 216162199b28c13a410421893ffa2e32 -> 
  custom:video-encoder-webm-vp8: eb34c28f22e8b96e1ab97ce403110664 -> 
  custom:audio-decoder-ogg-vorbis: bf7c407c2cedff20999df2af8eb42d56 -> 
  custom:CustomObjectIndexerAttribute: 756ad292c208cfabdd7b50bc23989ffe -> 
  custom:container-demuxer-webm: 4f35f7cbe854078d1ac9338744f61a02 -> 
  custom:audio-encoder-webm-vorbis: bf7c407c2cedff20999df2af8eb42d56 -> 
  custom:container-muxer-webm: aa71ff27fc2769a1b78a27578f13a17b -> 
========================================================================
Received Prepare
Begin MonoManager ReloadAssembly
Symbol file LoadedFromMemory is not a mono symbol file
- Loaded All Assemblies, in  0.577 seconds
Refreshing native plugins compatible for Editor in 4.15 ms, found 2 plugins.
Native extension for WindowsStandalone target not found
Native extension for WebGL target not found
Mono: successfully reloaded assembly
- Finished resetting the current domain, in  0.550 seconds
Domain Reload Profiling: 1125ms
	BeginReloadAssembly (225ms)
		ExecutionOrderSort (0ms)
		DisableScriptedObjects (4ms)
		BackupInstance (0ms)
		ReleaseScriptingObjects (0ms)
		CreateAndSetChildDomain (29ms)
	RebuildCommonClasses (23ms)
	RebuildNativeTypeToScriptingClass (8ms)
	initialDomainReloadingComplete (25ms)
	LoadAllAssembliesAndSetupDomain (294ms)
		LoadAssemblies (188ms)
		RebuildTransferFunctionScriptingTraits (0ms)
		AnalyzeDomain (154ms)
			TypeCache.Refresh (151ms)
				TypeCache.ScanAssembly (142ms)
			ScanForSourceGeneratedMonoScriptInfo (0ms)
			ResolveRequiredComponents (2ms)
	FinalizeReload (551ms)
		ReleaseScriptCaches (0ms)
		RebuildScriptCaches (0ms)
		SetupLoadedEditorAssemblies (314ms)
			LogAssemblyErrors (0ms)
			InitializePlatformSupportModulesInManaged (6ms)
			SetLoadedEditorAssemblies (2ms)
			RefreshPlugins (0ms)
			BeforeProcessingInitializeOnLoad (43ms)
			ProcessInitializeOnLoadAttributes (159ms)
			ProcessInitializeOnLoadMethodAttributes (94ms)
			AfterProcessingInitializeOnLoad (9ms)
			EditorAssembliesLoaded (0ms)
		ExecutionOrderSort2 (0ms)
		AwakeInstancesAfterBackupRestoration (5ms)
Refreshing native plugins compatible for Editor in 3.81 ms, found 2 plugins.
Preloading 0 native plugins for Editor in 0.00 ms.
Unloading 2498 Unused Serialized files (Serialized files now loaded: 0)
Unloading 52 unused Assets / (42.7 KB). Loaded Objects now: 3013.
Memory consumption went from 113.0 MB to 112.9 MB.
Total: 5.320300 ms (FindLiveObjects: 0.168600 ms CreateObjectMapping: 0.054900 ms MarkObjects: 5.032800 ms  DeleteObjects: 0.063200 ms)

Prepare: number of updated asset objects reloaded= 0
AssetImportParameters requested are different than current active one (requested -> active):
  custom:video-decoder-webm-vp8: 9c59270c3fd7afecdb556c50c9e8de78 -> 
  custom:container-demuxer-ogg: 62fdf1f143b41e24485cea50d1cbac27 -> 
  custom:AudioImporter_EditorPlatform: d09bf68614088b80899f8185d706f6e7 -> 
  custom:video-decoder-ogg-theora: a1e56fd34408186e4bbccfd4996cb3dc -> 
  custom:framework-win-MediaFoundation: 216162199b28c13a410421893ffa2e32 -> 
  custom:video-encoder-webm-vp8: eb34c28f22e8b96e1ab97ce403110664 -> 
  custom:audio-decoder-ogg-vorbis: bf7c407c2cedff20999df2af8eb42d56 -> 
  custom:CustomObjectIndexerAttribute: 756ad292c208cfabdd7b50bc23989ffe -> 
  custom:container-demuxer-webm: 4f35f7cbe854078d1ac9338744f61a02 -> 
  custom:audio-encoder-webm-vorbis: bf7c407c2cedff20999df2af8eb42d56 -> 
  custom:container-muxer-webm: aa71ff27fc2769a1b78a27578f13a17b -> 
========================================================================
Received Prepare
Begin MonoManager ReloadAssembly
Symbol file LoadedFromMemory is not a mono symbol file
- Loaded All Assemblies, in  0.561 seconds
Refreshing native plugins compatible for Editor in 3.79 ms, found 2 plugins.
Native extension for WindowsStandalone target not found
Native extension for WebGL target not found
Mono: successfully reloaded assembly
- Finished resetting the current domain, in  0.596 seconds
Domain Reload Profiling: 1155ms
	BeginReloadAssembly (216ms)
		ExecutionOrderSort (0ms)
		DisableScriptedObjects (4ms)
		BackupInstance (0ms)
		ReleaseScriptingObjects (0ms)
		CreateAndSetChildDomain (27ms)
	RebuildCommonClasses (23ms)
	RebuildNativeTypeToScriptingClass (8ms)
	initialDomainReloadingComplete (25ms)
	LoadAllAssembliesAndSetupDomain (286ms)
		LoadAssemblies (192ms)
		RebuildTransferFunctionScriptingTraits (0ms)
		AnalyzeDomain (143ms)
			TypeCache.Refresh (140ms)
				TypeCache.ScanAssembly (130ms)
			ScanForSourceGeneratedMonoScriptInfo (1ms)
			ResolveRequiredComponents (2ms)
	FinalizeReload (596ms)
		ReleaseScriptCaches (0ms)
		RebuildScriptCaches (0ms)
		SetupLoadedEditorAssemblies (327ms)
			LogAssemblyErrors (0ms)
			InitializePlatformSupportModulesInManaged (7ms)
			SetLoadedEditorAssemblies (2ms)
			RefreshPlugins (0ms)
			BeforeProcessingInitializeOnLoad (43ms)
			ProcessInitializeOnLoadAttributes (166ms)
			ProcessInitializeOnLoadMethodAttributes (99ms)
			AfterProcessingInitializeOnLoad (9ms)
			EditorAssembliesLoaded (0ms)
		ExecutionOrderSort2 (0ms)
		AwakeInstancesAfterBackupRestoration (5ms)
Refreshing native plugins compatible for Editor in 4.20 ms, found 2 plugins.
Preloading 0 native plugins for Editor in 0.00 ms.
Unloading 2498 Unused Serialized files (Serialized files now loaded: 0)
Unloading 52 unused Assets / (42.6 KB). Loaded Objects now: 3016.
Memory consumption went from 113.0 MB to 112.9 MB.
Total: 4.999800 ms (FindLiveObjects: 0.180900 ms CreateObjectMapping: 0.088800 ms MarkObjects: 4.665500 ms  DeleteObjects: 0.063900 ms)

Prepare: number of updated asset objects reloaded= 0
AssetImportParameters requested are different than current active one (requested -> active):
  custom:video-decoder-webm-vp8: 9c59270c3fd7afecdb556c50c9e8de78 -> 
  custom:container-demuxer-ogg: 62fdf1f143b41e24485cea50d1cbac27 -> 
  custom:AudioImporter_EditorPlatform: d09bf68614088b80899f8185d706f6e7 -> 
  custom:video-decoder-ogg-theora: a1e56fd34408186e4bbccfd4996cb3dc -> 
  custom:framework-win-MediaFoundation: 216162199b28c13a410421893ffa2e32 -> 
  custom:video-encoder-webm-vp8: eb34c28f22e8b96e1ab97ce403110664 -> 
  custom:audio-decoder-ogg-vorbis: bf7c407c2cedff20999df2af8eb42d56 -> 
  custom:CustomObjectIndexerAttribute: 756ad292c208cfabdd7b50bc23989ffe -> 
  custom:container-demuxer-webm: 4f35f7cbe854078d1ac9338744f61a02 -> 
  custom:audio-encoder-webm-vorbis: bf7c407c2cedff20999df2af8eb42d56 -> 
  custom:container-muxer-webm: aa71ff27fc2769a1b78a27578f13a17b -> 
========================================================================
Received Prepare
Begin MonoManager ReloadAssembly
Symbol file LoadedFromMemory is not a mono symbol file
- Loaded All Assemblies, in  0.599 seconds
Refreshing native plugins compatible for Editor in 4.88 ms, found 2 plugins.
Native extension for WindowsStandalone target not found
Native extension for WebGL target not found
Mono: successfully reloaded assembly
- Finished resetting the current domain, in  0.550 seconds
Domain Reload Profiling: 1146ms
	BeginReloadAssembly (228ms)
		ExecutionOrderSort (0ms)
		DisableScriptedObjects (5ms)
		BackupInstance (0ms)
		ReleaseScriptingObjects (0ms)
		CreateAndSetChildDomain (28ms)
	RebuildCommonClasses (24ms)
	RebuildNativeTypeToScriptingClass (8ms)
	initialDomainReloadingComplete (24ms)
	LoadAllAssembliesAndSetupDomain (312ms)
		LoadAssemblies (192ms)
		RebuildTransferFunctionScriptingTraits (0ms)
		AnalyzeDomain (171ms)
			TypeCache.Refresh (169ms)
				TypeCache.ScanAssembly (159ms)
			ScanForSourceGeneratedMonoScriptInfo (0ms)
			ResolveRequiredComponents (2ms)
	FinalizeReload (550ms)
		ReleaseScriptCaches (0ms)
		RebuildScriptCaches (0ms)
		SetupLoadedEditorAssemblies (310ms)
			LogAssemblyErrors (0ms)
			InitializePlatformSupportModulesInManaged (7ms)
			SetLoadedEditorAssemblies (2ms)
			RefreshPlugins (0ms)
			BeforeProcessingInitializeOnLoad (44ms)
			ProcessInitializeOnLoadAttributes (154ms)
			ProcessInitializeOnLoadMethodAttributes (94ms)
			AfterProcessingInitializeOnLoad (9ms)
			EditorAssembliesLoaded (0ms)
		ExecutionOrderSort2 (0ms)
		AwakeInstancesAfterBackupRestoration (5ms)
Refreshing native plugins compatible for Editor in 3.91 ms, found 2 plugins.
Preloading 0 native plugins for Editor in 0.00 ms.
Unloading 2498 Unused Serialized files (Serialized files now loaded: 0)
Unloading 52 unused Assets / (42.6 KB). Loaded Objects now: 3019.
Memory consumption went from 113.0 MB to 112.9 MB.
Total: 5.634100 ms (FindLiveObjects: 0.180000 ms CreateObjectMapping: 0.094300 ms MarkObjects: 5.286600 ms  DeleteObjects: 0.072600 ms)

Prepare: number of updated asset objects reloaded= 0
AssetImportParameters requested are different than current active one (requested -> active):
  custom:video-decoder-webm-vp8: 9c59270c3fd7afecdb556c50c9e8de78 -> 
  custom:container-demuxer-ogg: 62fdf1f143b41e24485cea50d1cbac27 -> 
  custom:AudioImporter_EditorPlatform: d09bf68614088b80899f8185d706f6e7 -> 
  custom:video-decoder-ogg-theora: a1e56fd34408186e4bbccfd4996cb3dc -> 
  custom:framework-win-MediaFoundation: 216162199b28c13a410421893ffa2e32 -> 
  custom:video-encoder-webm-vp8: eb34c28f22e8b96e1ab97ce403110664 -> 
  custom:audio-decoder-ogg-vorbis: bf7c407c2cedff20999df2af8eb42d56 -> 
  custom:CustomObjectIndexerAttribute: 756ad292c208cfabdd7b50bc23989ffe -> 
  custom:container-demuxer-webm: 4f35f7cbe854078d1ac9338744f61a02 -> 
  custom:audio-encoder-webm-vorbis: bf7c407c2cedff20999df2af8eb42d56 -> 
  custom:container-muxer-webm: aa71ff27fc2769a1b78a27578f13a17b -> 
========================================================================
Received Prepare
Begin MonoManager ReloadAssembly
Symbol file LoadedFromMemory is not a mono symbol file
- Loaded All Assemblies, in  0.605 seconds
Refreshing native plugins compatible for Editor in 3.69 ms, found 2 plugins.
Native extension for WindowsStandalone target not found
Native extension for WebGL target not found
Mono: successfully reloaded assembly
- Finished resetting the current domain, in  0.572 seconds
Domain Reload Profiling: 1175ms
	BeginReloadAssembly (254ms)
		ExecutionOrderSort (0ms)
		DisableScriptedObjects (6ms)
		BackupInstance (0ms)
		ReleaseScriptingObjects (0ms)
		CreateAndSetChildDomain (33ms)
	RebuildCommonClasses (29ms)
	RebuildNativeTypeToScriptingClass (8ms)
	initialDomainReloadingComplete (31ms)
	LoadAllAssembliesAndSetupDomain (279ms)
		LoadAssemblies (184ms)
		RebuildTransferFunctionScriptingTraits (0ms)
		AnalyzeDomain (143ms)
			TypeCache.Refresh (139ms)
				TypeCache.ScanAssembly (130ms)
			ScanForSourceGeneratedMonoScriptInfo (1ms)
			ResolveRequiredComponents (2ms)
	FinalizeReload (572ms)
		ReleaseScriptCaches (0ms)
		RebuildScriptCaches (0ms)
		SetupLoadedEditorAssemblies (325ms)
			LogAssemblyErrors (0ms)
			InitializePlatformSupportModulesInManaged (7ms)
			SetLoadedEditorAssemblies (3ms)
			RefreshPlugins (0ms)
			BeforeProcessingInitializeOnLoad (46ms)
			ProcessInitializeOnLoadAttributes (161ms)
			ProcessInitializeOnLoadMethodAttributes (98ms)
			AfterProcessingInitializeOnLoad (10ms)
			EditorAssembliesLoaded (0ms)
		ExecutionOrderSort2 (0ms)
		AwakeInstancesAfterBackupRestoration (6ms)
Refreshing native plugins compatible for Editor in 4.92 ms, found 2 plugins.
Preloading 0 native plugins for Editor in 0.00 ms.
Unloading 2498 Unused Serialized files (Serialized files now loaded: 0)
Unloading 52 unused Assets / (42.8 KB). Loaded Objects now: 3022.
Memory consumption went from 113.0 MB to 112.9 MB.
Total: 5.558400 ms (FindLiveObjects: 0.161100 ms CreateObjectMapping: 0.088700 ms MarkObjects: 5.226500 ms  DeleteObjects: 0.081300 ms)

Prepare: number of updated asset objects reloaded= 0
AssetImportParameters requested are different than current active one (requested -> active):
  custom:video-decoder-webm-vp8: 9c59270c3fd7afecdb556c50c9e8de78 -> 
  custom:container-demuxer-ogg: 62fdf1f143b41e24485cea50d1cbac27 -> 
  custom:AudioImporter_EditorPlatform: d09bf68614088b80899f8185d706f6e7 -> 
  custom:video-decoder-ogg-theora: a1e56fd34408186e4bbccfd4996cb3dc -> 
  custom:framework-win-MediaFoundation: 216162199b28c13a410421893ffa2e32 -> 
  custom:video-encoder-webm-vp8: eb34c28f22e8b96e1ab97ce403110664 -> 
  custom:audio-decoder-ogg-vorbis: bf7c407c2cedff20999df2af8eb42d56 -> 
  custom:CustomObjectIndexerAttribute: 756ad292c208cfabdd7b50bc23989ffe -> 
  custom:container-demuxer-webm: 4f35f7cbe854078d1ac9338744f61a02 -> 
  custom:audio-encoder-webm-vorbis: bf7c407c2cedff20999df2af8eb42d56 -> 
  custom:container-muxer-webm: aa71ff27fc2769a1b78a27578f13a17b -> 
========================================================================
Received Import Request.
  Time since last request: 121.649002 seconds.
  path: Assets/prefab/Enemy Controller.prefab
  artifactKey: Guid(e026043985e330a4d840d93fde29b227) Importer(815301076,1909f56bfc062723c751e8b465ee728b)
Start importing Assets/prefab/Enemy Controller.prefab using Guid(e026043985e330a4d840d93fde29b227) Importer(815301076,1909f56bfc062723c751e8b465ee728b)  -> (artifact id: 'ca6db90b94d0f43748ecd96ad7fdb7b8') in 0.043605 seconds
Number of updated asset objects reloaded before import = 0
Number of asset objects unloaded after import = 44
========================================================================
Received Prepare
Begin MonoManager ReloadAssembly
Symbol file LoadedFromMemory is not a mono symbol file
- Loaded All Assemblies, in  0.591 seconds
Refreshing native plugins compatible for Editor in 5.47 ms, found 2 plugins.
Native extension for WindowsStandalone target not found
Native extension for WebGL target not found
Mono: successfully reloaded assembly
- Finished resetting the current domain, in  0.546 seconds
Domain Reload Profiling: 1136ms
	BeginReloadAssembly (239ms)
		ExecutionOrderSort (0ms)
		DisableScriptedObjects (4ms)
		BackupInstance (0ms)
		ReleaseScriptingObjects (0ms)
		CreateAndSetChildDomain (31ms)
	RebuildCommonClasses (25ms)
	RebuildNativeTypeToScriptingClass (9ms)
	initialDomainReloadingComplete (25ms)
	LoadAllAssembliesAndSetupDomain (292ms)
		LoadAssemblies (197ms)
		RebuildTransferFunctionScriptingTraits (0ms)
		AnalyzeDomain (153ms)
			TypeCache.Refresh (151ms)
				TypeCache.ScanAssembly (142ms)
			ScanForSourceGeneratedMonoScriptInfo (0ms)
			ResolveRequiredComponents (2ms)
	FinalizeReload (547ms)
		ReleaseScriptCaches (0ms)
		RebuildScriptCaches (0ms)
		SetupLoadedEditorAssemblies (309ms)
			LogAssemblyErrors (0ms)
			InitializePlatformSupportModulesInManaged (6ms)
			SetLoadedEditorAssemblies (2ms)
			RefreshPlugins (0ms)
			BeforeProcessingInitializeOnLoad (43ms)
			ProcessInitializeOnLoadAttributes (156ms)
			ProcessInitializeOnLoadMethodAttributes (91ms)
			AfterProcessingInitializeOnLoad (10ms)
			EditorAssembliesLoaded (0ms)
		ExecutionOrderSort2 (0ms)
		AwakeInstancesAfterBackupRestoration (5ms)
Refreshing native plugins compatible for Editor in 3.94 ms, found 2 plugins.
Preloading 0 native plugins for Editor in 0.00 ms.
Unloading 2498 Unused Serialized files (Serialized files now loaded: 0)
Unloading 52 unused Assets / (42.6 KB). Loaded Objects now: 3025.
Memory consumption went from 113.0 MB to 112.9 MB.
Total: 5.178300 ms (FindLiveObjects: 0.163600 ms CreateObjectMapping: 0.056700 ms MarkObjects: 4.896400 ms  DeleteObjects: 0.061200 ms)

Prepare: number of updated asset objects reloaded= 0
AssetImportParameters requested are different than current active one (requested -> active):
  custom:video-decoder-webm-vp8: 9c59270c3fd7afecdb556c50c9e8de78 -> 
  custom:container-demuxer-ogg: 62fdf1f143b41e24485cea50d1cbac27 -> 
  custom:AudioImporter_EditorPlatform: d09bf68614088b80899f8185d706f6e7 -> 
  custom:video-decoder-ogg-theora: a1e56fd34408186e4bbccfd4996cb3dc -> 
  custom:framework-win-MediaFoundation: 216162199b28c13a410421893ffa2e32 -> 
  custom:video-encoder-webm-vp8: eb34c28f22e8b96e1ab97ce403110664 -> 
  custom:audio-decoder-ogg-vorbis: bf7c407c2cedff20999df2af8eb42d56 -> 
  custom:CustomObjectIndexerAttribute: 756ad292c208cfabdd7b50bc23989ffe -> 
  custom:container-demuxer-webm: 4f35f7cbe854078d1ac9338744f61a02 -> 
  custom:audio-encoder-webm-vorbis: bf7c407c2cedff20999df2af8eb42d56 -> 
  custom:container-muxer-webm: aa71ff27fc2769a1b78a27578f13a17b -> 
========================================================================
Received Prepare
Begin MonoManager ReloadAssembly
Symbol file LoadedFromMemory is not a mono symbol file
- Loaded All Assemblies, in  0.574 seconds
Refreshing native plugins compatible for Editor in 4.47 ms, found 2 plugins.
Native extension for WindowsStandalone target not found
Native extension for WebGL target not found
Mono: successfully reloaded assembly
- Finished resetting the current domain, in  0.576 seconds
Domain Reload Profiling: 1148ms
	BeginReloadAssembly (226ms)
		ExecutionOrderSort (0ms)
		DisableScriptedObjects (4ms)
		BackupInstance (0ms)
		ReleaseScriptingObjects (0ms)
		CreateAndSetChildDomain (29ms)
	RebuildCommonClasses (23ms)
	RebuildNativeTypeToScriptingClass (8ms)
	initialDomainReloadingComplete (25ms)
	LoadAllAssembliesAndSetupDomain (290ms)
		LoadAssemblies (186ms)
		RebuildTransferFunctionScriptingTraits (0ms)
		AnalyzeDomain (151ms)
			TypeCache.Refresh (145ms)
				TypeCache.ScanAssembly (134ms)
			ScanForSourceGeneratedMonoScriptInfo (0ms)
			ResolveRequiredComponents (5ms)
	FinalizeReload (576ms)
		ReleaseScriptCaches (0ms)
		RebuildScriptCaches (0ms)
		SetupLoadedEditorAssemblies (317ms)
			LogAssemblyErrors (0ms)
			InitializePlatformSupportModulesInManaged (7ms)
			SetLoadedEditorAssemblies (2ms)
			RefreshPlugins (0ms)
			BeforeProcessingInitializeOnLoad (47ms)
			ProcessInitializeOnLoadAttributes (164ms)
			ProcessInitializeOnLoadMethodAttributes (88ms)
			AfterProcessingInitializeOnLoad (9ms)
			EditorAssembliesLoaded (0ms)
		ExecutionOrderSort2 (0ms)
		AwakeInstancesAfterBackupRestoration (5ms)
Refreshing native plugins compatible for Editor in 3.77 ms, found 2 plugins.
Preloading 0 native plugins for Editor in 0.00 ms.
Unloading 2498 Unused Serialized files (Serialized files now loaded: 0)
Unloading 52 unused Assets / (42.8 KB). Loaded Objects now: 3028.
Memory consumption went from 113.0 MB to 112.9 MB.
Total: 5.831600 ms (FindLiveObjects: 0.168600 ms CreateObjectMapping: 0.074000 ms MarkObjects: 5.526300 ms  DeleteObjects: 0.062000 ms)

Prepare: number of updated asset objects reloaded= 0
AssetImportParameters requested are different than current active one (requested -> active):
  custom:video-decoder-webm-vp8: 9c59270c3fd7afecdb556c50c9e8de78 -> 
  custom:container-demuxer-ogg: 62fdf1f143b41e24485cea50d1cbac27 -> 
  custom:AudioImporter_EditorPlatform: d09bf68614088b80899f8185d706f6e7 -> 
  custom:video-decoder-ogg-theora: a1e56fd34408186e4bbccfd4996cb3dc -> 
  custom:framework-win-MediaFoundation: 216162199b28c13a410421893ffa2e32 -> 
  custom:video-encoder-webm-vp8: eb34c28f22e8b96e1ab97ce403110664 -> 
  custom:audio-decoder-ogg-vorbis: bf7c407c2cedff20999df2af8eb42d56 -> 
  custom:CustomObjectIndexerAttribute: 756ad292c208cfabdd7b50bc23989ffe -> 
  custom:container-demuxer-webm: 4f35f7cbe854078d1ac9338744f61a02 -> 
  custom:audio-encoder-webm-vorbis: bf7c407c2cedff20999df2af8eb42d56 -> 
  custom:container-muxer-webm: aa71ff27fc2769a1b78a27578f13a17b -> 
========================================================================
Received Prepare
Begin MonoManager ReloadAssembly
Symbol file LoadedFromMemory is not a mono symbol file
- Loaded All Assemblies, in  0.591 seconds
Refreshing native plugins compatible for Editor in 4.38 ms, found 2 plugins.
Native extension for WindowsStandalone target not found
Native extension for WebGL target not found
Mono: successfully reloaded assembly
- Finished resetting the current domain, in  0.542 seconds
Domain Reload Profiling: 1131ms
	BeginReloadAssembly (231ms)
		ExecutionOrderSort (0ms)
		DisableScriptedObjects (4ms)
		BackupInstance (0ms)
		ReleaseScriptingObjects (0ms)
		CreateAndSetChildDomain (30ms)
	RebuildCommonClasses (24ms)
	RebuildNativeTypeToScriptingClass (8ms)
	initialDomainReloadingComplete (25ms)
	LoadAllAssembliesAndSetupDomain (302ms)
		LoadAssemblies (196ms)
		RebuildTransferFunctionScriptingTraits (0ms)
		AnalyzeDomain (157ms)
			TypeCache.Refresh (155ms)
				TypeCache.ScanAssembly (145ms)
			ScanForSourceGeneratedMonoScriptInfo (0ms)
			ResolveRequiredComponents (2ms)
	FinalizeReload (542ms)
		ReleaseScriptCaches (0ms)
		RebuildScriptCaches (0ms)
		SetupLoadedEditorAssemblies (306ms)
			LogAssemblyErrors (0ms)
			InitializePlatformSupportModulesInManaged (6ms)
			SetLoadedEditorAssemblies (2ms)
			RefreshPlugins (0ms)
			BeforeProcessingInitializeOnLoad (42ms)
			ProcessInitializeOnLoadAttributes (156ms)
			ProcessInitializeOnLoadMethodAttributes (90ms)
			AfterProcessingInitializeOnLoad (9ms)
			EditorAssembliesLoaded (0ms)
		ExecutionOrderSort2 (0ms)
		AwakeInstancesAfterBackupRestoration (5ms)
Refreshing native plugins compatible for Editor in 4.62 ms, found 2 plugins.
Preloading 0 native plugins for Editor in 0.00 ms.
Unloading 2498 Unused Serialized files (Serialized files now loaded: 0)
Unloading 52 unused Assets / (42.6 KB). Loaded Objects now: 3031.
Memory consumption went from 113.0 MB to 112.9 MB.
Total: 5.794800 ms (FindLiveObjects: 0.190400 ms CreateObjectMapping: 0.074700 ms MarkObjects: 5.457300 ms  DeleteObjects: 0.071800 ms)

Prepare: number of updated asset objects reloaded= 0
AssetImportParameters requested are different than current active one (requested -> active):
  custom:video-decoder-webm-vp8: 9c59270c3fd7afecdb556c50c9e8de78 -> 
  custom:container-demuxer-ogg: 62fdf1f143b41e24485cea50d1cbac27 -> 
  custom:AudioImporter_EditorPlatform: d09bf68614088b80899f8185d706f6e7 -> 
  custom:video-decoder-ogg-theora: a1e56fd34408186e4bbccfd4996cb3dc -> 
  custom:framework-win-MediaFoundation: 216162199b28c13a410421893ffa2e32 -> 
  custom:video-encoder-webm-vp8: eb34c28f22e8b96e1ab97ce403110664 -> 
  custom:audio-decoder-ogg-vorbis: bf7c407c2cedff20999df2af8eb42d56 -> 
  custom:CustomObjectIndexerAttribute: 756ad292c208cfabdd7b50bc23989ffe -> 
  custom:container-demuxer-webm: 4f35f7cbe854078d1ac9338744f61a02 -> 
  custom:audio-encoder-webm-vorbis: bf7c407c2cedff20999df2af8eb42d56 -> 
  custom:container-muxer-webm: aa71ff27fc2769a1b78a27578f13a17b -> 
========================================================================
Received Prepare
Begin MonoManager ReloadAssembly
Symbol file LoadedFromMemory is not a mono symbol file
- Loaded All Assemblies, in  0.561 seconds
Refreshing native plugins compatible for Editor in 3.69 ms, found 2 plugins.
Native extension for WindowsStandalone target not found
Native extension for WebGL target not found
Mono: successfully reloaded assembly
- Finished resetting the current domain, in  0.554 seconds
Domain Reload Profiling: 1113ms
	BeginReloadAssembly (220ms)
		ExecutionOrderSort (0ms)
		DisableScriptedObjects (5ms)
		BackupInstance (0ms)
		ReleaseScriptingObjects (0ms)
		CreateAndSetChildDomain (28ms)
	RebuildCommonClasses (24ms)
	RebuildNativeTypeToScriptingClass (12ms)
	initialDomainReloadingComplete (24ms)
	LoadAllAssembliesAndSetupDomain (278ms)
		LoadAssemblies (179ms)
		RebuildTransferFunctionScriptingTraits (0ms)
		AnalyzeDomain (145ms)
			TypeCache.Refresh (141ms)
				TypeCache.ScanAssembly (133ms)
			ScanForSourceGeneratedMonoScriptInfo (1ms)
			ResolveRequiredComponents (2ms)
	FinalizeReload (554ms)
		ReleaseScriptCaches (0ms)
		RebuildScriptCaches (0ms)
		SetupLoadedEditorAssemblies (318ms)
			LogAssemblyErrors (0ms)
			InitializePlatformSupportModulesInManaged (6ms)
			SetLoadedEditorAssemblies (2ms)
			RefreshPlugins (0ms)
			BeforeProcessingInitializeOnLoad (43ms)
			ProcessInitializeOnLoadAttributes (157ms)
			ProcessInitializeOnLoadMethodAttributes (100ms)
			AfterProcessingInitializeOnLoad (9ms)
			EditorAssembliesLoaded (0ms)
		ExecutionOrderSort2 (0ms)
		AwakeInstancesAfterBackupRestoration (5ms)
Refreshing native plugins compatible for Editor in 3.94 ms, found 2 plugins.
Preloading 0 native plugins for Editor in 0.00 ms.
Unloading 2498 Unused Serialized files (Serialized files now loaded: 0)
Unloading 52 unused Assets / (42.7 KB). Loaded Objects now: 3034.
Memory consumption went from 113.0 MB to 112.9 MB.
Total: 5.126200 ms (FindLiveObjects: 0.184300 ms CreateObjectMapping: 0.090900 ms MarkObjects: 4.789500 ms  DeleteObjects: 0.060900 ms)

Prepare: number of updated asset objects reloaded= 0
AssetImportParameters requested are different than current active one (requested -> active):
  custom:video-decoder-webm-vp8: 9c59270c3fd7afecdb556c50c9e8de78 -> 
  custom:container-demuxer-ogg: 62fdf1f143b41e24485cea50d1cbac27 -> 
  custom:AudioImporter_EditorPlatform: d09bf68614088b80899f8185d706f6e7 -> 
  custom:video-decoder-ogg-theora: a1e56fd34408186e4bbccfd4996cb3dc -> 
  custom:framework-win-MediaFoundation: 216162199b28c13a410421893ffa2e32 -> 
  custom:video-encoder-webm-vp8: eb34c28f22e8b96e1ab97ce403110664 -> 
  custom:audio-decoder-ogg-vorbis: bf7c407c2cedff20999df2af8eb42d56 -> 
  custom:CustomObjectIndexerAttribute: 756ad292c208cfabdd7b50bc23989ffe -> 
  custom:container-demuxer-webm: 4f35f7cbe854078d1ac9338744f61a02 -> 
  custom:audio-encoder-webm-vorbis: bf7c407c2cedff20999df2af8eb42d56 -> 
  custom:container-muxer-webm: aa71ff27fc2769a1b78a27578f13a17b -> 
========================================================================
Received Import Request.
  Time since last request: 237.454367 seconds.
  path: Assets/prefab/Enemy.prefab
  artifactKey: Guid(5d1f424201dd3e94facb5091dc665d1b) Importer(815301076,1909f56bfc062723c751e8b465ee728b)
Start importing Assets/prefab/Enemy.prefab using Guid(5d1f424201dd3e94facb5091dc665d1b) Importer(815301076,1909f56bfc062723c751e8b465ee728b)  -> (artifact id: '83884d2fbfb786585f6e3d178bc6cf0f') in 0.045385 seconds
Number of updated asset objects reloaded before import = 0
Number of asset objects unloaded after import = 39
========================================================================
Received Prepare
Begin MonoManager ReloadAssembly
Symbol file LoadedFromMemory is not a mono symbol file
- Loaded All Assemblies, in  0.564 seconds
Refreshing native plugins compatible for Editor in 3.74 ms, found 2 plugins.
Native extension for WindowsStandalone target not found
Native extension for WebGL target not found
Mono: successfully reloaded assembly
- Finished resetting the current domain, in  0.536 seconds
Domain Reload Profiling: 1098ms
	BeginReloadAssembly (227ms)
		ExecutionOrderSort (0ms)
		DisableScriptedObjects (4ms)
		BackupInstance (0ms)
		ReleaseScriptingObjects (0ms)
		CreateAndSetChildDomain (31ms)
	RebuildCommonClasses (24ms)
	RebuildNativeTypeToScriptingClass (8ms)
	initialDomainReloadingComplete (24ms)
	LoadAllAssembliesAndSetupDomain (279ms)
		LoadAssemblies (177ms)
		RebuildTransferFunctionScriptingTraits (0ms)
		AnalyzeDomain (150ms)
			TypeCache.Refresh (146ms)
				TypeCache.ScanAssembly (136ms)
			ScanForSourceGeneratedMonoScriptInfo (0ms)
			ResolveRequiredComponents (3ms)
	FinalizeReload (536ms)
		ReleaseScriptCaches (0ms)
		RebuildScriptCaches (0ms)
		SetupLoadedEditorAssemblies (299ms)
			LogAssemblyErrors (0ms)
			InitializePlatformSupportModulesInManaged (7ms)
			SetLoadedEditorAssemblies (2ms)
			RefreshPlugins (0ms)
			BeforeProcessingInitializeOnLoad (44ms)
			ProcessInitializeOnLoadAttributes (148ms)
			ProcessInitializeOnLoadMethodAttributes (89ms)
			AfterProcessingInitializeOnLoad (9ms)
			EditorAssembliesLoaded (0ms)
		ExecutionOrderSort2 (0ms)
		AwakeInstancesAfterBackupRestoration (5ms)
Refreshing native plugins compatible for Editor in 4.22 ms, found 2 plugins.
Preloading 0 native plugins for Editor in 0.00 ms.
Unloading 2498 Unused Serialized files (Serialized files now loaded: 0)
Unloading 52 unused Assets / (42.8 KB). Loaded Objects now: 3037.
Memory consumption went from 113.0 MB to 112.9 MB.
Total: 5.776200 ms (FindLiveObjects: 0.188800 ms CreateObjectMapping: 0.123900 ms MarkObjects: 5.388800 ms  DeleteObjects: 0.074100 ms)

Prepare: number of updated asset objects reloaded= 0
AssetImportParameters requested are different than current active one (requested -> active):
  custom:video-decoder-webm-vp8: 9c59270c3fd7afecdb556c50c9e8de78 -> 
  custom:container-demuxer-ogg: 62fdf1f143b41e24485cea50d1cbac27 -> 
  custom:AudioImporter_EditorPlatform: d09bf68614088b80899f8185d706f6e7 -> 
  custom:video-decoder-ogg-theora: a1e56fd34408186e4bbccfd4996cb3dc -> 
  custom:framework-win-MediaFoundation: 216162199b28c13a410421893ffa2e32 -> 
  custom:video-encoder-webm-vp8: eb34c28f22e8b96e1ab97ce403110664 -> 
  custom:audio-decoder-ogg-vorbis: bf7c407c2cedff20999df2af8eb42d56 -> 
  custom:CustomObjectIndexerAttribute: 756ad292c208cfabdd7b50bc23989ffe -> 
  custom:container-demuxer-webm: 4f35f7cbe854078d1ac9338744f61a02 -> 
  custom:audio-encoder-webm-vorbis: bf7c407c2cedff20999df2af8eb42d56 -> 
  custom:container-muxer-webm: aa71ff27fc2769a1b78a27578f13a17b -> 
========================================================================
Received Import Request.
  Time since last request: 69.819558 seconds.
  path: Assets/prefab/Enemy.prefab
  artifactKey: Guid(5d1f424201dd3e94facb5091dc665d1b) Importer(815301076,1909f56bfc062723c751e8b465ee728b)
Start importing Assets/prefab/Enemy.prefab using Guid(5d1f424201dd3e94facb5091dc665d1b) Importer(815301076,1909f56bfc062723c751e8b465ee728b)  -> (artifact id: '72eb9b50b00e5a77d941a6fa0b8da988') in 0.038838 seconds
Number of updated asset objects reloaded before import = 0
Number of asset objects unloaded after import = 39
========================================================================
Received Import Request.
  Time since last request: 0.117410 seconds.
  path: Assets/prefab/Enemy.prefab
  artifactKey: Guid(5d1f424201dd3e94facb5091dc665d1b) Importer(815301076,1909f56bfc062723c751e8b465ee728b)
Start importing Assets/prefab/Enemy.prefab using Guid(5d1f424201dd3e94facb5091dc665d1b) Importer(815301076,1909f56bfc062723c751e8b465ee728b)  -> (artifact id: 'f81662ca43a81ad7cd81595fbb20cd46') in 0.006947 seconds
Number of updated asset objects reloaded before import = 0
Number of asset objects unloaded after import = 39
========================================================================
Received Prepare
Begin MonoManager ReloadAssembly
Symbol file LoadedFromMemory is not a mono symbol file
- Loaded All Assemblies, in  0.586 seconds
Refreshing native plugins compatible for Editor in 4.59 ms, found 2 plugins.
Native extension for WindowsStandalone target not found
Native extension for WebGL target not found
Mono: successfully reloaded assembly
- Finished resetting the current domain, in  0.527 seconds
Domain Reload Profiling: 1111ms
	BeginReloadAssembly (227ms)
		ExecutionOrderSort (0ms)
		DisableScriptedObjects (4ms)
		BackupInstance (0ms)
		ReleaseScriptingObjects (0ms)
		CreateAndSetChildDomain (30ms)
	RebuildCommonClasses (26ms)
	RebuildNativeTypeToScriptingClass (11ms)
	initialDomainReloadingComplete (30ms)
	LoadAllAssembliesAndSetupDomain (291ms)
		LoadAssemblies (186ms)
		RebuildTransferFunctionScriptingTraits (0ms)
		AnalyzeDomain (154ms)
			TypeCache.Refresh (151ms)
				TypeCache.ScanAssembly (139ms)
			ScanForSourceGeneratedMonoScriptInfo (0ms)
			ResolveRequiredComponents (3ms)
	FinalizeReload (527ms)
		ReleaseScriptCaches (0ms)
		RebuildScriptCaches (0ms)
		SetupLoadedEditorAssemblies (300ms)
			LogAssemblyErrors (0ms)
			InitializePlatformSupportModulesInManaged (7ms)
			SetLoadedEditorAssemblies (2ms)
			RefreshPlugins (0ms)
			BeforeProcessingInitializeOnLoad (45ms)
			ProcessInitializeOnLoadAttributes (146ms)
			ProcessInitializeOnLoadMethodAttributes (90ms)
			AfterProcessingInitializeOnLoad (9ms)
			EditorAssembliesLoaded (0ms)
		ExecutionOrderSort2 (0ms)
		AwakeInstancesAfterBackupRestoration (5ms)
Refreshing native plugins compatible for Editor in 3.59 ms, found 2 plugins.
Preloading 0 native plugins for Editor in 0.00 ms.
Unloading 2498 Unused Serialized files (Serialized files now loaded: 0)
Unloading 52 unused Assets / (42.7 KB). Loaded Objects now: 3040.
Memory consumption went from 113.0 MB to 112.9 MB.
Total: 4.993100 ms (FindLiveObjects: 0.179000 ms CreateObjectMapping: 0.092900 ms MarkObjects: 4.661700 ms  DeleteObjects: 0.059000 ms)

Prepare: number of updated asset objects reloaded= 0
AssetImportParameters requested are different than current active one (requested -> active):
  custom:video-decoder-webm-vp8: 9c59270c3fd7afecdb556c50c9e8de78 -> 
  custom:container-demuxer-ogg: 62fdf1f143b41e24485cea50d1cbac27 -> 
  custom:AudioImporter_EditorPlatform: d09bf68614088b80899f8185d706f6e7 -> 
  custom:video-decoder-ogg-theora: a1e56fd34408186e4bbccfd4996cb3dc -> 
  custom:framework-win-MediaFoundation: 216162199b28c13a410421893ffa2e32 -> 
  custom:video-encoder-webm-vp8: eb34c28f22e8b96e1ab97ce403110664 -> 
  custom:audio-decoder-ogg-vorbis: bf7c407c2cedff20999df2af8eb42d56 -> 
  custom:CustomObjectIndexerAttribute: 756ad292c208cfabdd7b50bc23989ffe -> 
  custom:container-demuxer-webm: 4f35f7cbe854078d1ac9338744f61a02 -> 
  custom:audio-encoder-webm-vorbis: bf7c407c2cedff20999df2af8eb42d56 -> 
  custom:container-muxer-webm: aa71ff27fc2769a1b78a27578f13a17b -> 
========================================================================
Received Import Request.
  Time since last request: 34.097034 seconds.
  path: Assets/prefab/Enemy.prefab
  artifactKey: Guid(5d1f424201dd3e94facb5091dc665d1b) Importer(815301076,1909f56bfc062723c751e8b465ee728b)
Start importing Assets/prefab/Enemy.prefab using Guid(5d1f424201dd3e94facb5091dc665d1b) Importer(815301076,1909f56bfc062723c751e8b465ee728b)  -> (artifact id: 'f3f1b4f5f630c18a87610acc0e96b9c2') in 0.053248 seconds
Number of updated asset objects reloaded before import = 0
Number of asset objects unloaded after import = 39
========================================================================
Received Prepare
Begin MonoManager ReloadAssembly
Symbol file LoadedFromMemory is not a mono symbol file
- Loaded All Assemblies, in  0.596 seconds
Refreshing native plugins compatible for Editor in 4.07 ms, found 2 plugins.
Native extension for WindowsStandalone target not found
Native extension for WebGL target not found
Mono: successfully reloaded assembly
- Finished resetting the current domain, in  0.547 seconds
Domain Reload Profiling: 1141ms
	BeginReloadAssembly (239ms)
		ExecutionOrderSort (0ms)
		DisableScriptedObjects (5ms)
		BackupInstance (0ms)
		ReleaseScriptingObjects (0ms)
		CreateAndSetChildDomain (32ms)
	RebuildCommonClasses (35ms)
	RebuildNativeTypeToScriptingClass (8ms)
	initialDomainReloadingComplete (31ms)
	LoadAllAssembliesAndSetupDomain (280ms)
		LoadAssemblies (197ms)
		RebuildTransferFunctionScriptingTraits (0ms)
		AnalyzeDomain (141ms)
			TypeCache.Refresh (138ms)
				TypeCache.ScanAssembly (129ms)
			ScanForSourceGeneratedMonoScriptInfo (2ms)
			ResolveRequiredComponents (2ms)
	FinalizeReload (548ms)
		ReleaseScriptCaches (0ms)
		RebuildScriptCaches (0ms)
		SetupLoadedEditorAssemblies (308ms)
			LogAssemblyErrors (0ms)
			InitializePlatformSupportModulesInManaged (7ms)
			SetLoadedEditorAssemblies (2ms)
			RefreshPlugins (0ms)
			BeforeProcessingInitializeOnLoad (45ms)
			ProcessInitializeOnLoadAttributes (158ms)
			ProcessInitializeOnLoadMethodAttributes (87ms)
			AfterProcessingInitializeOnLoad (9ms)
			EditorAssembliesLoaded (0ms)
		ExecutionOrderSort2 (0ms)
		AwakeInstancesAfterBackupRestoration (5ms)
Refreshing native plugins compatible for Editor in 3.82 ms, found 2 plugins.
Preloading 0 native plugins for Editor in 0.00 ms.
Unloading 2498 Unused Serialized files (Serialized files now loaded: 0)
Unloading 52 unused Assets / (42.7 KB). Loaded Objects now: 3043.
Memory consumption went from 113.0 MB to 112.9 MB.
Total: 4.957000 ms (FindLiveObjects: 0.153800 ms CreateObjectMapping: 0.055000 ms MarkObjects: 4.687900 ms  DeleteObjects: 0.059600 ms)

Prepare: number of updated asset objects reloaded= 0
AssetImportParameters requested are different than current active one (requested -> active):
  custom:video-decoder-webm-vp8: 9c59270c3fd7afecdb556c50c9e8de78 -> 
  custom:container-demuxer-ogg: 62fdf1f143b41e24485cea50d1cbac27 -> 
  custom:AudioImporter_EditorPlatform: d09bf68614088b80899f8185d706f6e7 -> 
  custom:video-decoder-ogg-theora: a1e56fd34408186e4bbccfd4996cb3dc -> 
  custom:framework-win-MediaFoundation: 216162199b28c13a410421893ffa2e32 -> 
  custom:video-encoder-webm-vp8: eb34c28f22e8b96e1ab97ce403110664 -> 
  custom:audio-decoder-ogg-vorbis: bf7c407c2cedff20999df2af8eb42d56 -> 
  custom:CustomObjectIndexerAttribute: 756ad292c208cfabdd7b50bc23989ffe -> 
  custom:container-demuxer-webm: 4f35f7cbe854078d1ac9338744f61a02 -> 
  custom:audio-encoder-webm-vorbis: bf7c407c2cedff20999df2af8eb42d56 -> 
  custom:container-muxer-webm: aa71ff27fc2769a1b78a27578f13a17b -> 
========================================================================
Received Prepare
Begin MonoManager ReloadAssembly
Symbol file LoadedFromMemory is not a mono symbol file
- Loaded All Assemblies, in  0.575 seconds
Refreshing native plugins compatible for Editor in 4.10 ms, found 2 plugins.
Native extension for WindowsStandalone target not found
Native extension for WebGL target not found
Mono: successfully reloaded assembly
- Finished resetting the current domain, in  0.550 seconds
Domain Reload Profiling: 1124ms
	BeginReloadAssembly (227ms)
		ExecutionOrderSort (0ms)
		DisableScriptedObjects (5ms)
		BackupInstance (0ms)
		ReleaseScriptingObjects (0ms)
		CreateAndSetChildDomain (28ms)
	RebuildCommonClasses (28ms)
	RebuildNativeTypeToScriptingClass (12ms)
	initialDomainReloadingComplete (24ms)
	LoadAllAssembliesAndSetupDomain (282ms)
		LoadAssemblies (189ms)
		RebuildTransferFunctionScriptingTraits (0ms)
		AnalyzeDomain (143ms)
			TypeCache.Refresh (141ms)
				TypeCache.ScanAssembly (132ms)
			ScanForSourceGeneratedMonoScriptInfo (0ms)
			ResolveRequiredComponents (2ms)
	FinalizeReload (550ms)
		ReleaseScriptCaches (0ms)
		RebuildScriptCaches (0ms)
		SetupLoadedEditorAssemblies (314ms)
			LogAssemblyErrors (0ms)
			InitializePlatformSupportModulesInManaged (8ms)
			SetLoadedEditorAssemblies (3ms)
			RefreshPlugins (0ms)
			BeforeProcessingInitializeOnLoad (45ms)
			ProcessInitializeOnLoadAttributes (160ms)
			ProcessInitializeOnLoadMethodAttributes (90ms)
			AfterProcessingInitializeOnLoad (8ms)
			EditorAssembliesLoaded (0ms)
		ExecutionOrderSort2 (0ms)
		AwakeInstancesAfterBackupRestoration (5ms)
Refreshing native plugins compatible for Editor in 4.24 ms, found 2 plugins.
Preloading 0 native plugins for Editor in 0.00 ms.
Unloading 2498 Unused Serialized files (Serialized files now loaded: 0)
Unloading 52 unused Assets / (42.7 KB). Loaded Objects now: 3046.
Memory consumption went from 113.0 MB to 113.0 MB.
Total: 5.813400 ms (FindLiveObjects: 0.174800 ms CreateObjectMapping: 0.068000 ms MarkObjects: 5.500700 ms  DeleteObjects: 0.069100 ms)

Prepare: number of updated asset objects reloaded= 0
AssetImportParameters requested are different than current active one (requested -> active):
  custom:video-decoder-webm-vp8: 9c59270c3fd7afecdb556c50c9e8de78 -> 
  custom:container-demuxer-ogg: 62fdf1f143b41e24485cea50d1cbac27 -> 
  custom:AudioImporter_EditorPlatform: d09bf68614088b80899f8185d706f6e7 -> 
  custom:video-decoder-ogg-theora: a1e56fd34408186e4bbccfd4996cb3dc -> 
  custom:framework-win-MediaFoundation: 216162199b28c13a410421893ffa2e32 -> 
  custom:video-encoder-webm-vp8: eb34c28f22e8b96e1ab97ce403110664 -> 
  custom:audio-decoder-ogg-vorbis: bf7c407c2cedff20999df2af8eb42d56 -> 
  custom:CustomObjectIndexerAttribute: 756ad292c208cfabdd7b50bc23989ffe -> 
  custom:container-demuxer-webm: 4f35f7cbe854078d1ac9338744f61a02 -> 
  custom:audio-encoder-webm-vorbis: bf7c407c2cedff20999df2af8eb42d56 -> 
  custom:container-muxer-webm: aa71ff27fc2769a1b78a27578f13a17b -> 
========================================================================
Received Import Request.
  Time since last request: 27.623646 seconds.
  path: Assets/prefab/Enemy.prefab
  artifactKey: Guid(5d1f424201dd3e94facb5091dc665d1b) Importer(815301076,1909f56bfc062723c751e8b465ee728b)
Start importing Assets/prefab/Enemy.prefab using Guid(5d1f424201dd3e94facb5091dc665d1b) Importer(815301076,1909f56bfc062723c751e8b465ee728b)  -> (artifact id: '2aaa1fb03878d4478562cb29b0f72e1b') in 0.056963 seconds
Number of updated asset objects reloaded before import = 0
Number of asset objects unloaded after import = 39
========================================================================
Received Import Request.
  Time since last request: 0.699534 seconds.
  path: Assets/prefab/Enemy.prefab
  artifactKey: Guid(5d1f424201dd3e94facb5091dc665d1b) Importer(815301076,1909f56bfc062723c751e8b465ee728b)
Start importing Assets/prefab/Enemy.prefab using Guid(5d1f424201dd3e94facb5091dc665d1b) Importer(815301076,1909f56bfc062723c751e8b465ee728b)  -> (artifact id: '59c5701760c6cc1c74901e491ee8d711') in 0.005453 seconds
Number of updated asset objects reloaded before import = 0
Number of asset objects unloaded after import = 39
========================================================================
Received Import Request.
  Time since last request: 0.193036 seconds.
  path: Assets/prefab/Enemy.prefab
  artifactKey: Guid(5d1f424201dd3e94facb5091dc665d1b) Importer(815301076,1909f56bfc062723c751e8b465ee728b)
Start importing Assets/prefab/Enemy.prefab using Guid(5d1f424201dd3e94facb5091dc665d1b) Importer(815301076,1909f56bfc062723c751e8b465ee728b)  -> (artifact id: '2dfa31432a424d92b911f9f76e03f5c7') in 0.005768 seconds
Number of updated asset objects reloaded before import = 0
Number of asset objects unloaded after import = 39
========================================================================
Received Import Request.
  Time since last request: 0.194541 seconds.
  path: Assets/prefab/Enemy.prefab
  artifactKey: Guid(5d1f424201dd3e94facb5091dc665d1b) Importer(815301076,1909f56bfc062723c751e8b465ee728b)
Start importing Assets/prefab/Enemy.prefab using Guid(5d1f424201dd3e94facb5091dc665d1b) Importer(815301076,1909f56bfc062723c751e8b465ee728b)  -> (artifact id: '718c0098b68fe42e2396481a197e0827') in 0.005507 seconds
Number of updated asset objects reloaded before import = 0
Number of asset objects unloaded after import = 39
========================================================================
Received Prepare
Begin MonoManager ReloadAssembly
Symbol file LoadedFromMemory is not a mono symbol file
- Loaded All Assemblies, in  0.571 seconds
Refreshing native plugins compatible for Editor in 3.76 ms, found 2 plugins.
Native extension for WindowsStandalone target not found
Native extension for WebGL target not found
Mono: successfully reloaded assembly
- Finished resetting the current domain, in  0.546 seconds
Domain Reload Profiling: 1115ms
	BeginReloadAssembly (221ms)
		ExecutionOrderSort (0ms)
		DisableScriptedObjects (4ms)
		BackupInstance (0ms)
		ReleaseScriptingObjects (0ms)
		CreateAndSetChildDomain (31ms)
	RebuildCommonClasses (25ms)
	RebuildNativeTypeToScriptingClass (8ms)
	initialDomainReloadingComplete (24ms)
	LoadAllAssembliesAndSetupDomain (290ms)
		LoadAssemblies (187ms)
		RebuildTransferFunctionScriptingTraits (0ms)
		AnalyzeDomain (151ms)
			TypeCache.Refresh (149ms)
				TypeCache.ScanAssembly (139ms)
			ScanForSourceGeneratedMonoScriptInfo (0ms)
			ResolveRequiredComponents (2ms)
	FinalizeReload (546ms)
		ReleaseScriptCaches (0ms)
		RebuildScriptCaches (0ms)
		SetupLoadedEditorAssemblies (310ms)
			LogAssemblyErrors (0ms)
			InitializePlatformSupportModulesInManaged (7ms)
			SetLoadedEditorAssemblies (2ms)
			RefreshPlugins (0ms)
			BeforeProcessingInitializeOnLoad (44ms)
			ProcessInitializeOnLoadAttributes (158ms)
			ProcessInitializeOnLoadMethodAttributes (90ms)
			AfterProcessingInitializeOnLoad (10ms)
			EditorAssembliesLoaded (0ms)
		ExecutionOrderSort2 (0ms)
		AwakeInstancesAfterBackupRestoration (5ms)
Refreshing native plugins compatible for Editor in 4.34 ms, found 2 plugins.
Preloading 0 native plugins for Editor in 0.00 ms.
Unloading 2498 Unused Serialized files (Serialized files now loaded: 0)
Unloading 52 unused Assets / (42.7 KB). Loaded Objects now: 3049.
Memory consumption went from 113.0 MB to 113.0 MB.
Total: 5.412000 ms (FindLiveObjects: 0.171000 ms CreateObjectMapping: 0.074300 ms MarkObjects: 5.100200 ms  DeleteObjects: 0.065800 ms)

Prepare: number of updated asset objects reloaded= 0
AssetImportParameters requested are different than current active one (requested -> active):
  custom:video-decoder-webm-vp8: 9c59270c3fd7afecdb556c50c9e8de78 -> 
  custom:container-demuxer-ogg: 62fdf1f143b41e24485cea50d1cbac27 -> 
  custom:AudioImporter_EditorPlatform: d09bf68614088b80899f8185d706f6e7 -> 
  custom:video-decoder-ogg-theora: a1e56fd34408186e4bbccfd4996cb3dc -> 
  custom:framework-win-MediaFoundation: 216162199b28c13a410421893ffa2e32 -> 
  custom:video-encoder-webm-vp8: eb34c28f22e8b96e1ab97ce403110664 -> 
  custom:audio-decoder-ogg-vorbis: bf7c407c2cedff20999df2af8eb42d56 -> 
  custom:CustomObjectIndexerAttribute: 756ad292c208cfabdd7b50bc23989ffe -> 
  custom:container-demuxer-webm: 4f35f7cbe854078d1ac9338744f61a02 -> 
  custom:audio-encoder-webm-vorbis: bf7c407c2cedff20999df2af8eb42d56 -> 
  custom:container-muxer-webm: aa71ff27fc2769a1b78a27578f13a17b -> 
========================================================================
Received Import Request.
  Time since last request: 28.201312 seconds.
  path: Assets/Levels/Level 6.unity
  artifactKey: Guid(e9b2e49b6a5743e4aad4b815a713592c) Importer(815301076,1909f56bfc062723c751e8b465ee728b)
Start importing Assets/Levels/Level 6.unity using Guid(e9b2e49b6a5743e4aad4b815a713592c) Importer(815301076,1909f56bfc062723c751e8b465ee728b)  -> (artifact id: '15b781c44cac5a42419ed7ce2cdd9db7') in 0.002322 seconds
Number of updated asset objects reloaded before import = 0
Number of asset objects unloaded after import = 0
========================================================================
Received Prepare
Begin MonoManager ReloadAssembly
Symbol file LoadedFromMemory is not a mono symbol file
- Loaded All Assemblies, in  0.584 seconds
Refreshing native plugins compatible for Editor in 3.75 ms, found 2 plugins.
Native extension for WindowsStandalone target not found
Native extension for WebGL target not found
Mono: successfully reloaded assembly
- Finished resetting the current domain, in  0.579 seconds
Domain Reload Profiling: 1161ms
	BeginReloadAssembly (229ms)
		ExecutionOrderSort (0ms)
		DisableScriptedObjects (5ms)
		BackupInstance (0ms)
		ReleaseScriptingObjects (0ms)
		CreateAndSetChildDomain (30ms)
	RebuildCommonClasses (24ms)
	RebuildNativeTypeToScriptingClass (8ms)
	initialDomainReloadingComplete (25ms)
	LoadAllAssembliesAndSetupDomain (297ms)
		LoadAssemblies (186ms)
		RebuildTransferFunctionScriptingTraits (0ms)
		AnalyzeDomain (158ms)
			TypeCache.Refresh (156ms)
				TypeCache.ScanAssembly (147ms)
			ScanForSourceGeneratedMonoScriptInfo (0ms)
			ResolveRequiredComponents (2ms)
	FinalizeReload (579ms)
		ReleaseScriptCaches (0ms)
		RebuildScriptCaches (0ms)
		SetupLoadedEditorAssemblies (342ms)
			LogAssemblyErrors (0ms)
			InitializePlatformSupportModulesInManaged (7ms)
			SetLoadedEditorAssemblies (2ms)
			RefreshPlugins (0ms)
			BeforeProcessingInitializeOnLoad (47ms)
			ProcessInitializeOnLoadAttributes (170ms)
			ProcessInitializeOnLoadMethodAttributes (106ms)
			AfterProcessingInitializeOnLoad (10ms)
			EditorAssembliesLoaded (0ms)
		ExecutionOrderSort2 (0ms)
		AwakeInstancesAfterBackupRestoration (5ms)
Refreshing native plugins compatible for Editor in 4.42 ms, found 2 plugins.
Preloading 0 native plugins for Editor in 0.00 ms.
Unloading 2498 Unused Serialized files (Serialized files now loaded: 0)
Unloading 52 unused Assets / (42.7 KB). Loaded Objects now: 3052.
Memory consumption went from 113.0 MB to 113.0 MB.
Total: 5.717800 ms (FindLiveObjects: 0.184400 ms CreateObjectMapping: 0.108700 ms MarkObjects: 5.361100 ms  DeleteObjects: 0.063100 ms)

Prepare: number of updated asset objects reloaded= 0
AssetImportParameters requested are different than current active one (requested -> active):
  custom:video-decoder-webm-vp8: 9c59270c3fd7afecdb556c50c9e8de78 -> 
  custom:container-demuxer-ogg: 62fdf1f143b41e24485cea50d1cbac27 -> 
  custom:AudioImporter_EditorPlatform: d09bf68614088b80899f8185d706f6e7 -> 
  custom:video-decoder-ogg-theora: a1e56fd34408186e4bbccfd4996cb3dc -> 
  custom:framework-win-MediaFoundation: 216162199b28c13a410421893ffa2e32 -> 
  custom:video-encoder-webm-vp8: eb34c28f22e8b96e1ab97ce403110664 -> 
  custom:audio-decoder-ogg-vorbis: bf7c407c2cedff20999df2af8eb42d56 -> 
  custom:CustomObjectIndexerAttribute: 756ad292c208cfabdd7b50bc23989ffe -> 
  custom:container-demuxer-webm: 4f35f7cbe854078d1ac9338744f61a02 -> 
  custom:audio-encoder-webm-vorbis: bf7c407c2cedff20999df2af8eb42d56 -> 
  custom:container-muxer-webm: aa71ff27fc2769a1b78a27578f13a17b -> 
========================================================================
Received Prepare
Begin MonoManager ReloadAssembly
Symbol file LoadedFromMemory is not a mono symbol file
- Loaded All Assemblies, in  0.590 seconds
Refreshing native plugins compatible for Editor in 4.19 ms, found 2 plugins.
Native extension for WindowsStandalone target not found
Native extension for WebGL target not found
Mono: successfully reloaded assembly
- Finished resetting the current domain, in  0.547 seconds
Domain Reload Profiling: 1136ms
	BeginReloadAssembly (231ms)
		ExecutionOrderSort (0ms)
		DisableScriptedObjects (4ms)
		BackupInstance (0ms)
		ReleaseScriptingObjects (0ms)
		CreateAndSetChildDomain (31ms)
	RebuildCommonClasses (23ms)
	RebuildNativeTypeToScriptingClass (8ms)
	initialDomainReloadingComplete (24ms)
	LoadAllAssembliesAndSetupDomain (302ms)
		LoadAssemblies (192ms)
		RebuildTransferFunctionScriptingTraits (0ms)
		AnalyzeDomain (164ms)
			TypeCache.Refresh (161ms)
				TypeCache.ScanAssembly (152ms)
			ScanForSourceGeneratedMonoScriptInfo (0ms)
			ResolveRequiredComponents (2ms)
	FinalizeReload (548ms)
		ReleaseScriptCaches (0ms)
		RebuildScriptCaches (0ms)
		SetupLoadedEditorAssemblies (313ms)
			LogAssemblyErrors (0ms)
			InitializePlatformSupportModulesInManaged (7ms)
			SetLoadedEditorAssemblies (2ms)
			RefreshPlugins (0ms)
			BeforeProcessingInitializeOnLoad (44ms)
			ProcessInitializeOnLoadAttributes (159ms)
			ProcessInitializeOnLoadMethodAttributes (92ms)
			AfterProcessingInitializeOnLoad (9ms)
			EditorAssembliesLoaded (0ms)
		ExecutionOrderSort2 (0ms)
		AwakeInstancesAfterBackupRestoration (5ms)
Refreshing native plugins compatible for Editor in 3.90 ms, found 2 plugins.
Preloading 0 native plugins for Editor in 0.00 ms.
Unloading 2498 Unused Serialized files (Serialized files now loaded: 0)
Unloading 52 unused Assets / (42.6 KB). Loaded Objects now: 3055.
Memory consumption went from 113.0 MB to 113.0 MB.
Total: 5.362000 ms (FindLiveObjects: 0.178800 ms CreateObjectMapping: 0.075100 ms MarkObjects: 5.042000 ms  DeleteObjects: 0.065600 ms)

Prepare: number of updated asset objects reloaded= 0
AssetImportParameters requested are different than current active one (requested -> active):
  custom:video-decoder-webm-vp8: 9c59270c3fd7afecdb556c50c9e8de78 -> 
  custom:container-demuxer-ogg: 62fdf1f143b41e24485cea50d1cbac27 -> 
  custom:AudioImporter_EditorPlatform: d09bf68614088b80899f8185d706f6e7 -> 
  custom:video-decoder-ogg-theora: a1e56fd34408186e4bbccfd4996cb3dc -> 
  custom:framework-win-MediaFoundation: 216162199b28c13a410421893ffa2e32 -> 
  custom:video-encoder-webm-vp8: eb34c28f22e8b96e1ab97ce403110664 -> 
  custom:audio-decoder-ogg-vorbis: bf7c407c2cedff20999df2af8eb42d56 -> 
  custom:CustomObjectIndexerAttribute: 756ad292c208cfabdd7b50bc23989ffe -> 
  custom:container-demuxer-webm: 4f35f7cbe854078d1ac9338744f61a02 -> 
  custom:audio-encoder-webm-vorbis: bf7c407c2cedff20999df2af8eb42d56 -> 
  custom:container-muxer-webm: aa71ff27fc2769a1b78a27578f13a17b -> 
========================================================================
Received Import Request.
  Time since last request: 86.604145 seconds.
  path: Assets/prefab/Break Effect.prefab
  artifactKey: Guid(bef48390cd156e14391d74e7b89c91c5) Importer(815301076,1909f56bfc062723c751e8b465ee728b)
Start importing Assets/prefab/Break Effect.prefab using Guid(bef48390cd156e14391d74e7b89c91c5) Importer(815301076,1909f56bfc062723c751e8b465ee728b)  -> (artifact id: 'd503b0207f0d3303afacfe5494984cd9') in 0.050738 seconds
Number of updated asset objects reloaded before import = 0
Number of asset objects unloaded after import = 26
========================================================================
Received Import Request.
  Time since last request: 0.000014 seconds.
  path: Assets/prefab/Enemy Controller.prefab
  artifactKey: Guid(e026043985e330a4d840d93fde29b227) Importer(815301076,1909f56bfc062723c751e8b465ee728b)
Start importing Assets/prefab/Enemy Controller.prefab using Guid(e026043985e330a4d840d93fde29b227) Importer(815301076,1909f56bfc062723c751e8b465ee728b)  -> (artifact id: '812efedd54141c508cb36943122cde68') in 0.009915 seconds
Number of updated asset objects reloaded before import = 0
Number of asset objects unloaded after import = 65
========================================================================
Received Import Request.
  Time since last request: 16.801727 seconds.
  path: Assets/prefab/Enemy.prefab
  artifactKey: Guid(5d1f424201dd3e94facb5091dc665d1b) Importer(815301076,1909f56bfc062723c751e8b465ee728b)
Start importing Assets/prefab/Enemy.prefab using Guid(5d1f424201dd3e94facb5091dc665d1b) Importer(815301076,1909f56bfc062723c751e8b465ee728b)  -> (artifact id: '1612196855e533b58bfdcb3972f38e7c') in 0.032164 seconds
Number of updated asset objects reloaded before import = 0
Number of asset objects unloaded after import = 15
========================================================================
Received Import Request.
  Time since last request: 11.900407 seconds.
  path: Assets/prefab/Enemy.prefab
  artifactKey: Guid(5d1f424201dd3e94facb5091dc665d1b) Importer(815301076,1909f56bfc062723c751e8b465ee728b)
Start importing Assets/prefab/Enemy.prefab using Guid(5d1f424201dd3e94facb5091dc665d1b) Importer(815301076,1909f56bfc062723c751e8b465ee728b)  -> (artifact id: 'ed73c752e40cb662b83b980c68b0f5b2') in 0.013960 seconds
Number of updated asset objects reloaded before import = 0
Number of asset objects unloaded after import = 40
========================================================================
Received Import Request.
  Time since last request: 33.923428 seconds.
  path: Assets/prefab/Enemy.prefab
  artifactKey: Guid(5d1f424201dd3e94facb5091dc665d1b) Importer(815301076,1909f56bfc062723c751e8b465ee728b)
Start importing Assets/prefab/Enemy.prefab using Guid(5d1f424201dd3e94facb5091dc665d1b) Importer(815301076,1909f56bfc062723c751e8b465ee728b)  -> (artifact id: '819521c9ed3fc609c4f81a1393721227') in 0.010049 seconds
Number of updated asset objects reloaded before import = 0
Number of asset objects unloaded after import = 40
========================================================================
Received Import Request.
  Time since last request: 6.119680 seconds.
  path: Assets/prefab/Enemy.prefab
  artifactKey: Guid(5d1f424201dd3e94facb5091dc665d1b) Importer(815301076,1909f56bfc062723c751e8b465ee728b)
Start importing Assets/prefab/Enemy.prefab using Guid(5d1f424201dd3e94facb5091dc665d1b) Importer(815301076,1909f56bfc062723c751e8b465ee728b)  -> (artifact id: '02de976e532a132e93fda47eaf796619') in 0.007650 seconds
Number of updated asset objects reloaded before import = 0
Number of asset objects unloaded after import = 40
========================================================================
Received Import Request.
  Time since last request: 25.730680 seconds.
  path: Assets/prefab/Enemy Controller.prefab
  artifactKey: Guid(e026043985e330a4d840d93fde29b227) Importer(815301076,1909f56bfc062723c751e8b465ee728b)
Start importing Assets/prefab/Enemy Controller.prefab using Guid(e026043985e330a4d840d93fde29b227) Importer(815301076,1909f56bfc062723c751e8b465ee728b)  -> (artifact id: 'fe77a05d9e310503ccc775357963ee50') in 0.016439 seconds
Number of updated asset objects reloaded before import = 0
Number of asset objects unloaded after import = 45
========================================================================
Received Prepare
Begin MonoManager ReloadAssembly
Symbol file LoadedFromMemory is not a mono symbol file
- Loaded All Assemblies, in  0.652 seconds
Refreshing native plugins compatible for Editor in 3.73 ms, found 2 plugins.
Native extension for WindowsStandalone target not found
Native extension for WebGL target not found
Mono: successfully reloaded assembly
- Finished resetting the current domain, in  0.643 seconds
Domain Reload Profiling: 1293ms
	BeginReloadAssembly (291ms)
		ExecutionOrderSort (0ms)
		DisableScriptedObjects (4ms)
		BackupInstance (0ms)
		ReleaseScriptingObjects (0ms)
		CreateAndSetChildDomain (33ms)
	RebuildCommonClasses (23ms)
	RebuildNativeTypeToScriptingClass (8ms)
	initialDomainReloadingComplete (24ms)
	LoadAllAssembliesAndSetupDomain (304ms)
		LoadAssemblies (195ms)
		RebuildTransferFunctionScriptingTraits (0ms)
		AnalyzeDomain (162ms)
			TypeCache.Refresh (159ms)
				TypeCache.ScanAssembly (150ms)
			ScanForSourceGeneratedMonoScriptInfo (2ms)
			ResolveRequiredComponents (2ms)
	FinalizeReload (643ms)
		ReleaseScriptCaches (0ms)
		RebuildScriptCaches (0ms)
		SetupLoadedEditorAssemblies (345ms)
			LogAssemblyErrors (0ms)
			InitializePlatformSupportModulesInManaged (7ms)
			SetLoadedEditorAssemblies (2ms)
			RefreshPlugins (0ms)
			BeforeProcessingInitializeOnLoad (49ms)
			ProcessInitializeOnLoadAttributes (171ms)
			ProcessInitializeOnLoadMethodAttributes (106ms)
			AfterProcessingInitializeOnLoad (9ms)
			EditorAssembliesLoaded (0ms)
		ExecutionOrderSort2 (0ms)
		AwakeInstancesAfterBackupRestoration (5ms)
Refreshing native plugins compatible for Editor in 5.62 ms, found 2 plugins.
Preloading 0 native plugins for Editor in 0.00 ms.
Unloading 2498 Unused Serialized files (Serialized files now loaded: 0)
Unloading 52 unused Assets / (42.8 KB). Loaded Objects now: 3058.
Memory consumption went from 113.0 MB to 113.0 MB.
Total: 5.842300 ms (FindLiveObjects: 0.180200 ms CreateObjectMapping: 0.090900 ms MarkObjects: 5.477000 ms  DeleteObjects: 0.093400 ms)

Prepare: number of updated asset objects reloaded= 0
AssetImportParameters requested are different than current active one (requested -> active):
  custom:video-decoder-webm-vp8: 9c59270c3fd7afecdb556c50c9e8de78 -> 
  custom:container-demuxer-ogg: 62fdf1f143b41e24485cea50d1cbac27 -> 
  custom:AudioImporter_EditorPlatform: d09bf68614088b80899f8185d706f6e7 -> 
  custom:video-decoder-ogg-theora: a1e56fd34408186e4bbccfd4996cb3dc -> 
  custom:framework-win-MediaFoundation: 216162199b28c13a410421893ffa2e32 -> 
  custom:video-encoder-webm-vp8: eb34c28f22e8b96e1ab97ce403110664 -> 
  custom:audio-decoder-ogg-vorbis: bf7c407c2cedff20999df2af8eb42d56 -> 
  custom:CustomObjectIndexerAttribute: 756ad292c208cfabdd7b50bc23989ffe -> 
  custom:container-demuxer-webm: 4f35f7cbe854078d1ac9338744f61a02 -> 
  custom:audio-encoder-webm-vorbis: bf7c407c2cedff20999df2af8eb42d56 -> 
  custom:container-muxer-webm: aa71ff27fc2769a1b78a27578f13a17b -> 
========================================================================
Received Import Request.
  Time since last request: 68.815500 seconds.
  path: Assets/prefab/Enemy Controller.prefab
  artifactKey: Guid(e026043985e330a4d840d93fde29b227) Importer(815301076,1909f56bfc062723c751e8b465ee728b)
Start importing Assets/prefab/Enemy Controller.prefab using Guid(e026043985e330a4d840d93fde29b227) Importer(815301076,1909f56bfc062723c751e8b465ee728b)  -> (artifact id: '81936da8fbe22c2ee87a09ca94ebd28d') in 0.044834 seconds
Number of updated asset objects reloaded before import = 0
Number of asset objects unloaded after import = 20
========================================================================
Received Prepare
Begin MonoManager ReloadAssembly
Symbol file LoadedFromMemory is not a mono symbol file
- Loaded All Assemblies, in  0.604 seconds
Refreshing native plugins compatible for Editor in 4.77 ms, found 2 plugins.
Native extension for WindowsStandalone target not found
Native extension for WebGL target not found
Mono: successfully reloaded assembly
- Finished resetting the current domain, in  0.576 seconds
Domain Reload Profiling: 1178ms
	BeginReloadAssembly (219ms)
		ExecutionOrderSort (0ms)
		DisableScriptedObjects (4ms)
		BackupInstance (0ms)
		ReleaseScriptingObjects (0ms)
		CreateAndSetChildDomain (30ms)
	RebuildCommonClasses (23ms)
	RebuildNativeTypeToScriptingClass (8ms)
	initialDomainReloadingComplete (30ms)
	LoadAllAssembliesAndSetupDomain (321ms)
		LoadAssemblies (227ms)
		RebuildTransferFunctionScriptingTraits (0ms)
		AnalyzeDomain (144ms)
			TypeCache.Refresh (141ms)
				TypeCache.ScanAssembly (132ms)
			ScanForSourceGeneratedMonoScriptInfo (1ms)
			ResolveRequiredComponents (2ms)
	FinalizeReload (576ms)
		ReleaseScriptCaches (0ms)
		RebuildScriptCaches (0ms)
		SetupLoadedEditorAssemblies (338ms)
			LogAssemblyErrors (0ms)
			InitializePlatformSupportModulesInManaged (7ms)
			SetLoadedEditorAssemblies (2ms)
			RefreshPlugins (0ms)
			BeforeProcessingInitializeOnLoad (43ms)
			ProcessInitializeOnLoadAttributes (167ms)
			ProcessInitializeOnLoadMethodAttributes (108ms)
			AfterProcessingInitializeOnLoad (10ms)
			EditorAssembliesLoaded (0ms)
		ExecutionOrderSort2 (0ms)
		AwakeInstancesAfterBackupRestoration (6ms)
Refreshing native plugins compatible for Editor in 5.10 ms, found 2 plugins.
Preloading 0 native plugins for Editor in 0.00 ms.
Unloading 2498 Unused Serialized files (Serialized files now loaded: 0)
Unloading 52 unused Assets / (42.9 KB). Loaded Objects now: 3061.
Memory consumption went from 113.0 MB to 113.0 MB.
Total: 5.468300 ms (FindLiveObjects: 0.211900 ms CreateObjectMapping: 0.108000 ms MarkObjects: 5.074600 ms  DeleteObjects: 0.073100 ms)

Prepare: number of updated asset objects reloaded= 0
AssetImportParameters requested are different than current active one (requested -> active):
  custom:video-decoder-webm-vp8: 9c59270c3fd7afecdb556c50c9e8de78 -> 
  custom:container-demuxer-ogg: 62fdf1f143b41e24485cea50d1cbac27 -> 
  custom:AudioImporter_EditorPlatform: d09bf68614088b80899f8185d706f6e7 -> 
  custom:video-decoder-ogg-theora: a1e56fd34408186e4bbccfd4996cb3dc -> 
  custom:framework-win-MediaFoundation: 216162199b28c13a410421893ffa2e32 -> 
  custom:video-encoder-webm-vp8: eb34c28f22e8b96e1ab97ce403110664 -> 
  custom:audio-decoder-ogg-vorbis: bf7c407c2cedff20999df2af8eb42d56 -> 
  custom:CustomObjectIndexerAttribute: 756ad292c208cfabdd7b50bc23989ffe -> 
  custom:container-demuxer-webm: 4f35f7cbe854078d1ac9338744f61a02 -> 
  custom:audio-encoder-webm-vorbis: bf7c407c2cedff20999df2af8eb42d56 -> 
  custom:container-muxer-webm: aa71ff27fc2769a1b78a27578f13a17b -> 
========================================================================
Received Import Request.
  Time since last request: 158.753739 seconds.
  path: Assets/prefab/Enemy Controller.prefab
  artifactKey: Guid(e026043985e330a4d840d93fde29b227) Importer(815301076,1909f56bfc062723c751e8b465ee728b)
Start importing Assets/prefab/Enemy Controller.prefab using Guid(e026043985e330a4d840d93fde29b227) Importer(815301076,1909f56bfc062723c751e8b465ee728b)  -> (artifact id: '348632d10646be7b43082704929a0500') in 0.040260 seconds
Number of updated asset objects reloaded before import = 0
Number of asset objects unloaded after import = 20
========================================================================
Received Prepare
Begin MonoManager ReloadAssembly
Symbol file LoadedFromMemory is not a mono symbol file
- Loaded All Assemblies, in  0.576 seconds
Refreshing native plugins compatible for Editor in 4.36 ms, found 2 plugins.
Native extension for WindowsStandalone target not found
Native extension for WebGL target not found
Mono: successfully reloaded assembly
- Finished resetting the current domain, in  0.542 seconds
Domain Reload Profiling: 1117ms
	BeginReloadAssembly (225ms)
		ExecutionOrderSort (0ms)
		DisableScriptedObjects (5ms)
		BackupInstance (0ms)
		ReleaseScriptingObjects (0ms)
		CreateAndSetChildDomain (30ms)
	RebuildCommonClasses (23ms)
	RebuildNativeTypeToScriptingClass (8ms)
	initialDomainReloadingComplete (30ms)
	LoadAllAssembliesAndSetupDomain (288ms)
		LoadAssemblies (187ms)
		RebuildTransferFunctionScriptingTraits (0ms)
		AnalyzeDomain (148ms)
			TypeCache.Refresh (146ms)
				TypeCache.ScanAssembly (136ms)
			ScanForSourceGeneratedMonoScriptInfo (0ms)
			ResolveRequiredComponents (2ms)
	FinalizeReload (543ms)
		ReleaseScriptCaches (0ms)
		RebuildScriptCaches (0ms)
		SetupLoadedEditorAssemblies (308ms)
			LogAssemblyErrors (0ms)
			InitializePlatformSupportModulesInManaged (7ms)
			SetLoadedEditorAssemblies (2ms)
			RefreshPlugins (0ms)
			BeforeProcessingInitializeOnLoad (41ms)
			ProcessInitializeOnLoadAttributes (155ms)
			ProcessInitializeOnLoadMethodAttributes (92ms)
			AfterProcessingInitializeOnLoad (10ms)
			EditorAssembliesLoaded (0ms)
		ExecutionOrderSort2 (0ms)
		AwakeInstancesAfterBackupRestoration (5ms)
Refreshing native plugins compatible for Editor in 3.91 ms, found 2 plugins.
Preloading 0 native plugins for Editor in 0.00 ms.
Unloading 2498 Unused Serialized files (Serialized files now loaded: 0)
Unloading 52 unused Assets / (42.7 KB). Loaded Objects now: 3064.
Memory consumption went from 113.0 MB to 113.0 MB.
Total: 5.502400 ms (FindLiveObjects: 0.192400 ms CreateObjectMapping: 0.101700 ms MarkObjects: 5.145600 ms  DeleteObjects: 0.062200 ms)

Prepare: number of updated asset objects reloaded= 0
AssetImportParameters requested are different than current active one (requested -> active):
  custom:video-decoder-webm-vp8: 9c59270c3fd7afecdb556c50c9e8de78 -> 
  custom:container-demuxer-ogg: 62fdf1f143b41e24485cea50d1cbac27 -> 
  custom:AudioImporter_EditorPlatform: d09bf68614088b80899f8185d706f6e7 -> 
  custom:video-decoder-ogg-theora: a1e56fd34408186e4bbccfd4996cb3dc -> 
  custom:framework-win-MediaFoundation: 216162199b28c13a410421893ffa2e32 -> 
  custom:video-encoder-webm-vp8: eb34c28f22e8b96e1ab97ce403110664 -> 
  custom:audio-decoder-ogg-vorbis: bf7c407c2cedff20999df2af8eb42d56 -> 
  custom:CustomObjectIndexerAttribute: 756ad292c208cfabdd7b50bc23989ffe -> 
  custom:container-demuxer-webm: 4f35f7cbe854078d1ac9338744f61a02 -> 
  custom:audio-encoder-webm-vorbis: bf7c407c2cedff20999df2af8eb42d56 -> 
  custom:container-muxer-webm: aa71ff27fc2769a1b78a27578f13a17b -> 
========================================================================
Received Import Request.
  Time since last request: 26.319585 seconds.
  path: Assets/prefab/Enemy Controller.prefab
  artifactKey: Guid(e026043985e330a4d840d93fde29b227) Importer(815301076,1909f56bfc062723c751e8b465ee728b)
Start importing Assets/prefab/Enemy Controller.prefab using Guid(e026043985e330a4d840d93fde29b227) Importer(815301076,1909f56bfc062723c751e8b465ee728b)  -> (artifact id: '24bc47c77a9cc3eccefc9353c62f4a51') in 0.047209 seconds
Number of updated asset objects reloaded before import = 0
Number of asset objects unloaded after import = 45
========================================================================
Received Prepare
Begin MonoManager ReloadAssembly
Symbol file LoadedFromMemory is not a mono symbol file
- Loaded All Assemblies, in  0.614 seconds
Refreshing native plugins compatible for Editor in 4.06 ms, found 2 plugins.
Native extension for WindowsStandalone target not found
Native extension for WebGL target not found
Mono: successfully reloaded assembly
- Finished resetting the current domain, in  0.553 seconds
Domain Reload Profiling: 1164ms
	BeginReloadAssembly (236ms)
		ExecutionOrderSort (0ms)
		DisableScriptedObjects (5ms)
		BackupInstance (0ms)
		ReleaseScriptingObjects (0ms)
		CreateAndSetChildDomain (33ms)
	RebuildCommonClasses (24ms)
	RebuildNativeTypeToScriptingClass (13ms)
	initialDomainReloadingComplete (30ms)
	LoadAllAssembliesAndSetupDomain (309ms)
		LoadAssemblies (190ms)
		RebuildTransferFunctionScriptingTraits (0ms)
		AnalyzeDomain (167ms)
			TypeCache.Refresh (165ms)
				TypeCache.ScanAssembly (155ms)
			ScanForSourceGeneratedMonoScriptInfo (0ms)
			ResolveRequiredComponents (2ms)
	FinalizeReload (553ms)
		ReleaseScriptCaches (0ms)
		RebuildScriptCaches (0ms)
		SetupLoadedEditorAssemblies (311ms)
			LogAssemblyErrors (0ms)
			InitializePlatformSupportModulesInManaged (8ms)
			SetLoadedEditorAssemblies (2ms)
			RefreshPlugins (0ms)
			BeforeProcessingInitializeOnLoad (45ms)
			ProcessInitializeOnLoadAttributes (153ms)
			ProcessInitializeOnLoadMethodAttributes (94ms)
			AfterProcessingInitializeOnLoad (9ms)
			EditorAssembliesLoaded (0ms)
		ExecutionOrderSort2 (0ms)
		AwakeInstancesAfterBackupRestoration (5ms)
Refreshing native plugins compatible for Editor in 4.17 ms, found 2 plugins.
Preloading 0 native plugins for Editor in 0.00 ms.
Unloading 2498 Unused Serialized files (Serialized files now loaded: 0)
Unloading 52 unused Assets / (42.8 KB). Loaded Objects now: 3067.
Memory consumption went from 113.0 MB to 113.0 MB.
Total: 5.770100 ms (FindLiveObjects: 0.195200 ms CreateObjectMapping: 0.106600 ms MarkObjects: 5.398900 ms  DeleteObjects: 0.068900 ms)

Prepare: number of updated asset objects reloaded= 0
AssetImportParameters requested are different than current active one (requested -> active):
  custom:video-decoder-webm-vp8: 9c59270c3fd7afecdb556c50c9e8de78 -> 
  custom:container-demuxer-ogg: 62fdf1f143b41e24485cea50d1cbac27 -> 
  custom:AudioImporter_EditorPlatform: d09bf68614088b80899f8185d706f6e7 -> 
  custom:video-decoder-ogg-theora: a1e56fd34408186e4bbccfd4996cb3dc -> 
  custom:framework-win-MediaFoundation: 216162199b28c13a410421893ffa2e32 -> 
  custom:video-encoder-webm-vp8: eb34c28f22e8b96e1ab97ce403110664 -> 
  custom:audio-decoder-ogg-vorbis: bf7c407c2cedff20999df2af8eb42d56 -> 
  custom:CustomObjectIndexerAttribute: 756ad292c208cfabdd7b50bc23989ffe -> 
  custom:container-demuxer-webm: 4f35f7cbe854078d1ac9338744f61a02 -> 
  custom:audio-encoder-webm-vorbis: bf7c407c2cedff20999df2af8eb42d56 -> 
  custom:container-muxer-webm: aa71ff27fc2769a1b78a27578f13a17b -> 
========================================================================
Received Prepare
Begin MonoManager ReloadAssembly
Symbol file LoadedFromMemory is not a mono symbol file
- Loaded All Assemblies, in  0.588 seconds
Refreshing native plugins compatible for Editor in 4.05 ms, found 2 plugins.
Native extension for WindowsStandalone target not found
Native extension for WebGL target not found
Mono: successfully reloaded assembly
- Finished resetting the current domain, in  0.610 seconds
Domain Reload Profiling: 1196ms
	BeginReloadAssembly (239ms)
		ExecutionOrderSort (0ms)
		DisableScriptedObjects (5ms)
		BackupInstance (0ms)
		ReleaseScriptingObjects (0ms)
		CreateAndSetChildDomain (34ms)
	RebuildCommonClasses (24ms)
	RebuildNativeTypeToScriptingClass (8ms)
	initialDomainReloadingComplete (27ms)
	LoadAllAssembliesAndSetupDomain (289ms)
		LoadAssemblies (189ms)
		RebuildTransferFunctionScriptingTraits (0ms)
		AnalyzeDomain (151ms)
			TypeCache.Refresh (148ms)
				TypeCache.ScanAssembly (138ms)
			ScanForSourceGeneratedMonoScriptInfo (2ms)
			ResolveRequiredComponents (2ms)
	FinalizeReload (610ms)
		ReleaseScriptCaches (0ms)
		RebuildScriptCaches (0ms)
		SetupLoadedEditorAssemblies (354ms)
			LogAssemblyErrors (0ms)
			InitializePlatformSupportModulesInManaged (7ms)
			SetLoadedEditorAssemblies (2ms)
			RefreshPlugins (0ms)
			BeforeProcessingInitializeOnLoad (53ms)
			ProcessInitializeOnLoadAttributes (170ms)
			ProcessInitializeOnLoadMethodAttributes (114ms)
			AfterProcessingInitializeOnLoad (9ms)
			EditorAssembliesLoaded (0ms)
		ExecutionOrderSort2 (0ms)
		AwakeInstancesAfterBackupRestoration (5ms)
Refreshing native plugins compatible for Editor in 4.35 ms, found 2 plugins.
Preloading 0 native plugins for Editor in 0.00 ms.
Unloading 2498 Unused Serialized files (Serialized files now loaded: 0)
Unloading 52 unused Assets / (42.7 KB). Loaded Objects now: 3070.
Memory consumption went from 113.1 MB to 113.0 MB.
Total: 6.678800 ms (FindLiveObjects: 0.187900 ms CreateObjectMapping: 0.057400 ms MarkObjects: 6.361300 ms  DeleteObjects: 0.071500 ms)

Prepare: number of updated asset objects reloaded= 0
AssetImportParameters requested are different than current active one (requested -> active):
  custom:video-decoder-webm-vp8: 9c59270c3fd7afecdb556c50c9e8de78 -> 
  custom:container-demuxer-ogg: 62fdf1f143b41e24485cea50d1cbac27 -> 
  custom:AudioImporter_EditorPlatform: d09bf68614088b80899f8185d706f6e7 -> 
  custom:video-decoder-ogg-theora: a1e56fd34408186e4bbccfd4996cb3dc -> 
  custom:framework-win-MediaFoundation: 216162199b28c13a410421893ffa2e32 -> 
  custom:video-encoder-webm-vp8: eb34c28f22e8b96e1ab97ce403110664 -> 
  custom:audio-decoder-ogg-vorbis: bf7c407c2cedff20999df2af8eb42d56 -> 
  custom:CustomObjectIndexerAttribute: 756ad292c208cfabdd7b50bc23989ffe -> 
  custom:container-demuxer-webm: 4f35f7cbe854078d1ac9338744f61a02 -> 
  custom:audio-encoder-webm-vorbis: bf7c407c2cedff20999df2af8eb42d56 -> 
  custom:container-muxer-webm: aa71ff27fc2769a1b78a27578f13a17b -> 
========================================================================
Received Import Request.
  Time since last request: 169.772131 seconds.
  path: Assets/prefab/Enemy Controller.prefab
  artifactKey: Guid(e026043985e330a4d840d93fde29b227) Importer(815301076,1909f56bfc062723c751e8b465ee728b)
Start importing Assets/prefab/Enemy Controller.prefab using Guid(e026043985e330a4d840d93fde29b227) Importer(815301076,1909f56bfc062723c751e8b465ee728b)  -> (artifact id: '9102088f88be43c3f6b795d1e670afa1') in 0.047477 seconds
Number of updated asset objects reloaded before import = 0
Number of asset objects unloaded after import = 45
========================================================================
Received Prepare
Begin MonoManager ReloadAssembly
Symbol file LoadedFromMemory is not a mono symbol file
- Loaded All Assemblies, in  0.575 seconds
Refreshing native plugins compatible for Editor in 3.82 ms, found 2 plugins.
Native extension for WindowsStandalone target not found
Native extension for WebGL target not found
Mono: successfully reloaded assembly
- Finished resetting the current domain, in  0.550 seconds
Domain Reload Profiling: 1123ms
	BeginReloadAssembly (228ms)
		ExecutionOrderSort (0ms)
		DisableScriptedObjects (4ms)
		BackupInstance (0ms)
		ReleaseScriptingObjects (0ms)
		CreateAndSetChildDomain (31ms)
	RebuildCommonClasses (29ms)
	RebuildNativeTypeToScriptingClass (8ms)
	initialDomainReloadingComplete (25ms)
	LoadAllAssembliesAndSetupDomain (283ms)
		LoadAssemblies (191ms)
		RebuildTransferFunctionScriptingTraits (0ms)
		AnalyzeDomain (142ms)
			TypeCache.Refresh (140ms)
				TypeCache.ScanAssembly (131ms)
			ScanForSourceGeneratedMonoScriptInfo (0ms)
			ResolveRequiredComponents (2ms)
	FinalizeReload (550ms)
		ReleaseScriptCaches (0ms)
		RebuildScriptCaches (0ms)
		SetupLoadedEditorAssemblies (304ms)
			LogAssemblyErrors (0ms)
			InitializePlatformSupportModulesInManaged (7ms)
			SetLoadedEditorAssemblies (2ms)
			RefreshPlugins (0ms)
			BeforeProcessingInitializeOnLoad (44ms)
			ProcessInitializeOnLoadAttributes (154ms)
			ProcessInitializeOnLoadMethodAttributes (88ms)
			AfterProcessingInitializeOnLoad (9ms)
			EditorAssembliesLoaded (0ms)
		ExecutionOrderSort2 (0ms)
		AwakeInstancesAfterBackupRestoration (5ms)
Refreshing native plugins compatible for Editor in 4.07 ms, found 2 plugins.
Preloading 0 native plugins for Editor in 0.00 ms.
Unloading 2498 Unused Serialized files (Serialized files now loaded: 0)
Unloading 52 unused Assets / (42.7 KB). Loaded Objects now: 3073.
Memory consumption went from 113.1 MB to 113.0 MB.
Total: 5.695300 ms (FindLiveObjects: 0.169000 ms CreateObjectMapping: 0.100200 ms MarkObjects: 5.345400 ms  DeleteObjects: 0.080000 ms)

Prepare: number of updated asset objects reloaded= 0
AssetImportParameters requested are different than current active one (requested -> active):
  custom:video-decoder-webm-vp8: 9c59270c3fd7afecdb556c50c9e8de78 -> 
  custom:container-demuxer-ogg: 62fdf1f143b41e24485cea50d1cbac27 -> 
  custom:AudioImporter_EditorPlatform: d09bf68614088b80899f8185d706f6e7 -> 
  custom:video-decoder-ogg-theora: a1e56fd34408186e4bbccfd4996cb3dc -> 
  custom:framework-win-MediaFoundation: 216162199b28c13a410421893ffa2e32 -> 
  custom:video-encoder-webm-vp8: eb34c28f22e8b96e1ab97ce403110664 -> 
  custom:audio-decoder-ogg-vorbis: bf7c407c2cedff20999df2af8eb42d56 -> 
  custom:CustomObjectIndexerAttribute: 756ad292c208cfabdd7b50bc23989ffe -> 
  custom:container-demuxer-webm: 4f35f7cbe854078d1ac9338744f61a02 -> 
  custom:audio-encoder-webm-vorbis: bf7c407c2cedff20999df2af8eb42d56 -> 
  custom:container-muxer-webm: aa71ff27fc2769a1b78a27578f13a17b -> 
========================================================================
Received Prepare
Begin MonoManager ReloadAssembly
Symbol file LoadedFromMemory is not a mono symbol file
- Loaded All Assemblies, in  0.626 seconds
Refreshing native plugins compatible for Editor in 3.84 ms, found 2 plugins.
Native extension for WindowsStandalone target not found
Native extension for WebGL target not found
Mono: successfully reloaded assembly
- Finished resetting the current domain, in  0.590 seconds
Domain Reload Profiling: 1214ms
	BeginReloadAssembly (263ms)
		ExecutionOrderSort (0ms)
		DisableScriptedObjects (6ms)
		BackupInstance (0ms)
		ReleaseScriptingObjects (0ms)
		CreateAndSetChildDomain (37ms)
	RebuildCommonClasses (25ms)
	RebuildNativeTypeToScriptingClass (7ms)
	initialDomainReloadingComplete (26ms)
	LoadAllAssembliesAndSetupDomain (302ms)
		LoadAssemblies (199ms)
		RebuildTransferFunctionScriptingTraits (0ms)
		AnalyzeDomain (147ms)
			TypeCache.Refresh (144ms)
				TypeCache.ScanAssembly (133ms)
			ScanForSourceGeneratedMonoScriptInfo (2ms)
			ResolveRequiredComponents (2ms)
	FinalizeReload (590ms)
		ReleaseScriptCaches (0ms)
		RebuildScriptCaches (0ms)
		SetupLoadedEditorAssemblies (334ms)
			LogAssemblyErrors (0ms)
			InitializePlatformSupportModulesInManaged (9ms)
			SetLoadedEditorAssemblies (3ms)
			RefreshPlugins (0ms)
			BeforeProcessingInitializeOnLoad (50ms)
			ProcessInitializeOnLoadAttributes (153ms)
			ProcessInitializeOnLoadMethodAttributes (109ms)
			AfterProcessingInitializeOnLoad (11ms)
			EditorAssembliesLoaded (0ms)
		ExecutionOrderSort2 (0ms)
		AwakeInstancesAfterBackupRestoration (7ms)
Refreshing native plugins compatible for Editor in 5.61 ms, found 2 plugins.
Preloading 0 native plugins for Editor in 0.00 ms.
Unloading 2498 Unused Serialized files (Serialized files now loaded: 0)
Unloading 52 unused Assets / (42.7 KB). Loaded Objects now: 3076.
Memory consumption went from 113.1 MB to 113.0 MB.
Total: 5.834300 ms (FindLiveObjects: 0.229200 ms CreateObjectMapping: 0.118200 ms MarkObjects: 5.396600 ms  DeleteObjects: 0.089500 ms)

Prepare: number of updated asset objects reloaded= 0
AssetImportParameters requested are different than current active one (requested -> active):
  custom:video-decoder-webm-vp8: 9c59270c3fd7afecdb556c50c9e8de78 -> 
  custom:container-demuxer-ogg: 62fdf1f143b41e24485cea50d1cbac27 -> 
  custom:AudioImporter_EditorPlatform: d09bf68614088b80899f8185d706f6e7 -> 
  custom:video-decoder-ogg-theora: a1e56fd34408186e4bbccfd4996cb3dc -> 
  custom:framework-win-MediaFoundation: 216162199b28c13a410421893ffa2e32 -> 
  custom:video-encoder-webm-vp8: eb34c28f22e8b96e1ab97ce403110664 -> 
  custom:audio-decoder-ogg-vorbis: bf7c407c2cedff20999df2af8eb42d56 -> 
  custom:CustomObjectIndexerAttribute: 756ad292c208cfabdd7b50bc23989ffe -> 
  custom:container-demuxer-webm: 4f35f7cbe854078d1ac9338744f61a02 -> 
  custom:audio-encoder-webm-vorbis: bf7c407c2cedff20999df2af8eb42d56 -> 
  custom:container-muxer-webm: aa71ff27fc2769a1b78a27578f13a17b -> 
========================================================================
Received Prepare
Begin MonoManager ReloadAssembly
Symbol file LoadedFromMemory is not a mono symbol file
- Loaded All Assemblies, in  0.582 seconds
Refreshing native plugins compatible for Editor in 4.01 ms, found 2 plugins.
Native extension for WindowsStandalone target not found
Native extension for WebGL target not found
Mono: successfully reloaded assembly
- Finished resetting the current domain, in  0.562 seconds
Domain Reload Profiling: 1142ms
	BeginReloadAssembly (230ms)
		ExecutionOrderSort (0ms)
		DisableScriptedObjects (5ms)
		BackupInstance (0ms)
		ReleaseScriptingObjects (0ms)
		CreateAndSetChildDomain (31ms)
	RebuildCommonClasses (27ms)
	RebuildNativeTypeToScriptingClass (9ms)
	initialDomainReloadingComplete (27ms)
	LoadAllAssembliesAndSetupDomain (286ms)
		LoadAssemblies (188ms)
		RebuildTransferFunctionScriptingTraits (0ms)
		AnalyzeDomain (148ms)
			TypeCache.Refresh (143ms)
				TypeCache.ScanAssembly (133ms)
			ScanForSourceGeneratedMonoScriptInfo (0ms)
			ResolveRequiredComponents (5ms)
	FinalizeReload (562ms)
		ReleaseScriptCaches (0ms)
		RebuildScriptCaches (0ms)
		SetupLoadedEditorAssemblies (311ms)
			LogAssemblyErrors (0ms)
			InitializePlatformSupportModulesInManaged (7ms)
			SetLoadedEditorAssemblies (2ms)
			RefreshPlugins (0ms)
			BeforeProcessingInitializeOnLoad (43ms)
			ProcessInitializeOnLoadAttributes (159ms)
			ProcessInitializeOnLoadMethodAttributes (91ms)
			AfterProcessingInitializeOnLoad (8ms)
			EditorAssembliesLoaded (0ms)
		ExecutionOrderSort2 (0ms)
		AwakeInstancesAfterBackupRestoration (5ms)
Refreshing native plugins compatible for Editor in 4.14 ms, found 2 plugins.
Preloading 0 native plugins for Editor in 0.00 ms.
Unloading 2498 Unused Serialized files (Serialized files now loaded: 0)
Unloading 52 unused Assets / (42.6 KB). Loaded Objects now: 3079.
Memory consumption went from 113.1 MB to 113.0 MB.
Total: 5.566000 ms (FindLiveObjects: 0.163400 ms CreateObjectMapping: 0.084800 ms MarkObjects: 5.252700 ms  DeleteObjects: 0.064700 ms)

Prepare: number of updated asset objects reloaded= 0
AssetImportParameters requested are different than current active one (requested -> active):
  custom:video-decoder-webm-vp8: 9c59270c3fd7afecdb556c50c9e8de78 -> 
  custom:container-demuxer-ogg: 62fdf1f143b41e24485cea50d1cbac27 -> 
  custom:AudioImporter_EditorPlatform: d09bf68614088b80899f8185d706f6e7 -> 
  custom:video-decoder-ogg-theora: a1e56fd34408186e4bbccfd4996cb3dc -> 
  custom:framework-win-MediaFoundation: 216162199b28c13a410421893ffa2e32 -> 
  custom:video-encoder-webm-vp8: eb34c28f22e8b96e1ab97ce403110664 -> 
  custom:audio-decoder-ogg-vorbis: bf7c407c2cedff20999df2af8eb42d56 -> 
  custom:CustomObjectIndexerAttribute: 756ad292c208cfabdd7b50bc23989ffe -> 
  custom:container-demuxer-webm: 4f35f7cbe854078d1ac9338744f61a02 -> 
  custom:audio-encoder-webm-vorbis: bf7c407c2cedff20999df2af8eb42d56 -> 
  custom:container-muxer-webm: aa71ff27fc2769a1b78a27578f13a17b -> 
========================================================================
Received Import Request.
  Time since last request: 83.745129 seconds.
  path: Assets/prefab/Break Effect.prefab
  artifactKey: Guid(bef48390cd156e14391d74e7b89c91c5) Importer(815301076,1909f56bfc062723c751e8b465ee728b)
Start importing Assets/prefab/Break Effect.prefab using Guid(bef48390cd156e14391d74e7b89c91c5) Importer(815301076,1909f56bfc062723c751e8b465ee728b)  -> (artifact id: '5ec49d990217c282d712438a35c47b47') in 0.040663 seconds
Number of updated asset objects reloaded before import = 0
Number of asset objects unloaded after import = 26
========================================================================
Received Import Request.
  Time since last request: 13.509430 seconds.
  path: Assets/prefab/Break Effect.prefab
  artifactKey: Guid(bef48390cd156e14391d74e7b89c91c5) Importer(815301076,1909f56bfc062723c751e8b465ee728b)
Start importing Assets/prefab/Break Effect.prefab using Guid(bef48390cd156e14391d74e7b89c91c5) Importer(815301076,1909f56bfc062723c751e8b465ee728b)  -> (artifact id: '5f6d7670ef6732287c63ef39713be6d2') in 0.005069 seconds
Number of updated asset objects reloaded before import = 0
Number of asset objects unloaded after import = 26
========================================================================
Received Prepare
Begin MonoManager ReloadAssembly
Symbol file LoadedFromMemory is not a mono symbol file
- Loaded All Assemblies, in  0.592 seconds
Refreshing native plugins compatible for Editor in 3.88 ms, found 2 plugins.
Native extension for WindowsStandalone target not found
Native extension for WebGL target not found
Mono: successfully reloaded assembly
- Finished resetting the current domain, in  0.546 seconds
Domain Reload Profiling: 1136ms
	BeginReloadAssembly (228ms)
		ExecutionOrderSort (0ms)
		DisableScriptedObjects (4ms)
		BackupInstance (0ms)
		ReleaseScriptingObjects (0ms)
		CreateAndSetChildDomain (33ms)
	RebuildCommonClasses (26ms)
	RebuildNativeTypeToScriptingClass (8ms)
	initialDomainReloadingComplete (29ms)
	LoadAllAssembliesAndSetupDomain (298ms)
		LoadAssemblies (186ms)
		RebuildTransferFunctionScriptingTraits (0ms)
		AnalyzeDomain (157ms)
			TypeCache.Refresh (155ms)
				TypeCache.ScanAssembly (144ms)
			ScanForSourceGeneratedMonoScriptInfo (0ms)
			ResolveRequiredComponents (2ms)
	FinalizeReload (547ms)
		ReleaseScriptCaches (0ms)
		RebuildScriptCaches (0ms)
		SetupLoadedEditorAssemblies (316ms)
			LogAssemblyErrors (0ms)
			InitializePlatformSupportModulesInManaged (7ms)
			SetLoadedEditorAssemblies (2ms)
			RefreshPlugins (0ms)
			BeforeProcessingInitializeOnLoad (42ms)
			ProcessInitializeOnLoadAttributes (164ms)
			ProcessInitializeOnLoadMethodAttributes (92ms)
			AfterProcessingInitializeOnLoad (8ms)
			EditorAssembliesLoaded (0ms)
		ExecutionOrderSort2 (0ms)
		AwakeInstancesAfterBackupRestoration (5ms)
Refreshing native plugins compatible for Editor in 4.32 ms, found 2 plugins.
Preloading 0 native plugins for Editor in 0.00 ms.
Unloading 2498 Unused Serialized files (Serialized files now loaded: 0)
Unloading 52 unused Assets / (42.6 KB). Loaded Objects now: 3082.
Memory consumption went from 113.1 MB to 113.0 MB.
Total: 5.263600 ms (FindLiveObjects: 0.187100 ms CreateObjectMapping: 0.075500 ms MarkObjects: 4.943100 ms  DeleteObjects: 0.057000 ms)

Prepare: number of updated asset objects reloaded= 0
AssetImportParameters requested are different than current active one (requested -> active):
  custom:video-decoder-webm-vp8: 9c59270c3fd7afecdb556c50c9e8de78 -> 
  custom:container-demuxer-ogg: 62fdf1f143b41e24485cea50d1cbac27 -> 
  custom:AudioImporter_EditorPlatform: d09bf68614088b80899f8185d706f6e7 -> 
  custom:video-decoder-ogg-theora: a1e56fd34408186e4bbccfd4996cb3dc -> 
  custom:framework-win-MediaFoundation: 216162199b28c13a410421893ffa2e32 -> 
  custom:video-encoder-webm-vp8: eb34c28f22e8b96e1ab97ce403110664 -> 
  custom:audio-decoder-ogg-vorbis: bf7c407c2cedff20999df2af8eb42d56 -> 
  custom:CustomObjectIndexerAttribute: 756ad292c208cfabdd7b50bc23989ffe -> 
  custom:container-demuxer-webm: 4f35f7cbe854078d1ac9338744f61a02 -> 
  custom:audio-encoder-webm-vorbis: bf7c407c2cedff20999df2af8eb42d56 -> 
  custom:container-muxer-webm: aa71ff27fc2769a1b78a27578f13a17b -> 
========================================================================
Received Import Request.
  Time since last request: 19.280739 seconds.
  path: Assets/prefab/Break Effect.prefab
  artifactKey: Guid(bef48390cd156e14391d74e7b89c91c5) Importer(815301076,1909f56bfc062723c751e8b465ee728b)
Start importing Assets/prefab/Break Effect.prefab using Guid(bef48390cd156e14391d74e7b89c91c5) Importer(815301076,1909f56bfc062723c751e8b465ee728b)  -> (artifact id: 'dd36c6403d60a26b5cc7b6cce91c925b') in 0.041688 seconds
Number of updated asset objects reloaded before import = 0
Number of asset objects unloaded after import = 26
========================================================================
Received Prepare
Begin MonoManager ReloadAssembly
Symbol file LoadedFromMemory is not a mono symbol file
- Loaded All Assemblies, in  0.582 seconds
Refreshing native plugins compatible for Editor in 5.82 ms, found 2 plugins.
Native extension for WindowsStandalone target not found
Native extension for WebGL target not found
Mono: successfully reloaded assembly
- Finished resetting the current domain, in  0.566 seconds
Domain Reload Profiling: 1147ms
	BeginReloadAssembly (235ms)
		ExecutionOrderSort (0ms)
		DisableScriptedObjects (5ms)
		BackupInstance (0ms)
		ReleaseScriptingObjects (0ms)
		CreateAndSetChildDomain (30ms)
	RebuildCommonClasses (36ms)
	RebuildNativeTypeToScriptingClass (13ms)
	initialDomainReloadingComplete (25ms)
	LoadAllAssembliesAndSetupDomain (271ms)
		LoadAssemblies (184ms)
		RebuildTransferFunctionScriptingTraits (0ms)
		AnalyzeDomain (141ms)
			TypeCache.Refresh (139ms)
				TypeCache.ScanAssembly (130ms)
			ScanForSourceGeneratedMonoScriptInfo (0ms)
			ResolveRequiredComponents (2ms)
	FinalizeReload (567ms)
		ReleaseScriptCaches (0ms)
		RebuildScriptCaches (0ms)
		SetupLoadedEditorAssemblies (308ms)
			LogAssemblyErrors (0ms)
			InitializePlatformSupportModulesInManaged (6ms)
			SetLoadedEditorAssemblies (2ms)
			RefreshPlugins (0ms)
			BeforeProcessingInitializeOnLoad (42ms)
			ProcessInitializeOnLoadAttributes (157ms)
			ProcessInitializeOnLoadMethodAttributes (91ms)
			AfterProcessingInitializeOnLoad (9ms)
			EditorAssembliesLoaded (0ms)
		ExecutionOrderSort2 (0ms)
		AwakeInstancesAfterBackupRestoration (5ms)
Refreshing native plugins compatible for Editor in 4.82 ms, found 2 plugins.
Preloading 0 native plugins for Editor in 0.00 ms.
Unloading 2498 Unused Serialized files (Serialized files now loaded: 0)
Unloading 52 unused Assets / (42.9 KB). Loaded Objects now: 3085.
Memory consumption went from 113.1 MB to 113.0 MB.
Total: 5.672100 ms (FindLiveObjects: 0.167700 ms CreateObjectMapping: 0.087600 ms MarkObjects: 5.356000 ms  DeleteObjects: 0.060400 ms)

Prepare: number of updated asset objects reloaded= 0
AssetImportParameters requested are different than current active one (requested -> active):
  custom:video-decoder-webm-vp8: 9c59270c3fd7afecdb556c50c9e8de78 -> 
  custom:container-demuxer-ogg: 62fdf1f143b41e24485cea50d1cbac27 -> 
  custom:AudioImporter_EditorPlatform: d09bf68614088b80899f8185d706f6e7 -> 
  custom:video-decoder-ogg-theora: a1e56fd34408186e4bbccfd4996cb3dc -> 
  custom:framework-win-MediaFoundation: 216162199b28c13a410421893ffa2e32 -> 
  custom:video-encoder-webm-vp8: eb34c28f22e8b96e1ab97ce403110664 -> 
  custom:audio-decoder-ogg-vorbis: bf7c407c2cedff20999df2af8eb42d56 -> 
  custom:CustomObjectIndexerAttribute: 756ad292c208cfabdd7b50bc23989ffe -> 
  custom:container-demuxer-webm: 4f35f7cbe854078d1ac9338744f61a02 -> 
  custom:audio-encoder-webm-vorbis: bf7c407c2cedff20999df2af8eb42d56 -> 
  custom:container-muxer-webm: aa71ff27fc2769a1b78a27578f13a17b -> 
========================================================================
Received Prepare
Begin MonoManager ReloadAssembly
Symbol file LoadedFromMemory is not a mono symbol file
- Loaded All Assemblies, in  0.574 seconds
Refreshing native plugins compatible for Editor in 3.87 ms, found 2 plugins.
Native extension for WindowsStandalone target not found
Native extension for WebGL target not found
Mono: successfully reloaded assembly
- Finished resetting the current domain, in  0.553 seconds
Domain Reload Profiling: 1125ms
	BeginReloadAssembly (228ms)
		ExecutionOrderSort (0ms)
		DisableScriptedObjects (5ms)
		BackupInstance (0ms)
		ReleaseScriptingObjects (0ms)
		CreateAndSetChildDomain (32ms)
	RebuildCommonClasses (23ms)
	RebuildNativeTypeToScriptingClass (8ms)
	initialDomainReloadingComplete (24ms)
	LoadAllAssembliesAndSetupDomain (288ms)
		LoadAssemblies (185ms)
		RebuildTransferFunctionScriptingTraits (0ms)
		AnalyzeDomain (151ms)
			TypeCache.Refresh (148ms)
				TypeCache.ScanAssembly (138ms)
			ScanForSourceGeneratedMonoScriptInfo (1ms)
			ResolveRequiredComponents (2ms)
	FinalizeReload (553ms)
		ReleaseScriptCaches (0ms)
		RebuildScriptCaches (0ms)
		SetupLoadedEditorAssemblies (315ms)
			LogAssemblyErrors (0ms)
			InitializePlatformSupportModulesInManaged (7ms)
			SetLoadedEditorAssemblies (2ms)
			RefreshPlugins (0ms)
			BeforeProcessingInitializeOnLoad (43ms)
			ProcessInitializeOnLoadAttributes (152ms)
			ProcessInitializeOnLoadMethodAttributes (99ms)
			AfterProcessingInitializeOnLoad (12ms)
			EditorAssembliesLoaded (0ms)
		ExecutionOrderSort2 (0ms)
		AwakeInstancesAfterBackupRestoration (5ms)
Refreshing native plugins compatible for Editor in 3.93 ms, found 2 plugins.
Preloading 0 native plugins for Editor in 0.00 ms.
Unloading 2498 Unused Serialized files (Serialized files now loaded: 0)
Unloading 52 unused Assets / (42.6 KB). Loaded Objects now: 3088.
Memory consumption went from 113.1 MB to 113.0 MB.
Total: 5.955300 ms (FindLiveObjects: 0.167700 ms CreateObjectMapping: 0.089800 ms MarkObjects: 5.636700 ms  DeleteObjects: 0.060700 ms)

Prepare: number of updated asset objects reloaded= 0
AssetImportParameters requested are different than current active one (requested -> active):
  custom:video-decoder-webm-vp8: 9c59270c3fd7afecdb556c50c9e8de78 -> 
  custom:container-demuxer-ogg: 62fdf1f143b41e24485cea50d1cbac27 -> 
  custom:AudioImporter_EditorPlatform: d09bf68614088b80899f8185d706f6e7 -> 
  custom:video-decoder-ogg-theora: a1e56fd34408186e4bbccfd4996cb3dc -> 
  custom:framework-win-MediaFoundation: 216162199b28c13a410421893ffa2e32 -> 
  custom:video-encoder-webm-vp8: eb34c28f22e8b96e1ab97ce403110664 -> 
  custom:audio-decoder-ogg-vorbis: bf7c407c2cedff20999df2af8eb42d56 -> 
  custom:CustomObjectIndexerAttribute: 756ad292c208cfabdd7b50bc23989ffe -> 
  custom:container-demuxer-webm: 4f35f7cbe854078d1ac9338744f61a02 -> 
  custom:audio-encoder-webm-vorbis: bf7c407c2cedff20999df2af8eb42d56 -> 
  custom:container-muxer-webm: aa71ff27fc2769a1b78a27578f13a17b -> 
========================================================================
Received Prepare
Begin MonoManager ReloadAssembly
Symbol file LoadedFromMemory is not a mono symbol file
- Loaded All Assemblies, in  0.564 seconds
Refreshing native plugins compatible for Editor in 4.04 ms, found 2 plugins.
Native extension for WindowsStandalone target not found
Native extension for WebGL target not found
Mono: successfully reloaded assembly
- Finished resetting the current domain, in  0.556 seconds
Domain Reload Profiling: 1118ms
	BeginReloadAssembly (227ms)
		ExecutionOrderSort (0ms)
		DisableScriptedObjects (5ms)
		BackupInstance (0ms)
		ReleaseScriptingObjects (0ms)
		CreateAndSetChildDomain (32ms)
	RebuildCommonClasses (23ms)
	RebuildNativeTypeToScriptingClass (7ms)
	initialDomainReloadingComplete (26ms)
	LoadAllAssembliesAndSetupDomain (279ms)
		LoadAssemblies (180ms)
		RebuildTransferFunctionScriptingTraits (0ms)
		AnalyzeDomain (146ms)
			TypeCache.Refresh (144ms)
				TypeCache.ScanAssembly (134ms)
			ScanForSourceGeneratedMonoScriptInfo (0ms)
			ResolveRequiredComponents (2ms)
	FinalizeReload (556ms)
		ReleaseScriptCaches (0ms)
		RebuildScriptCaches (0ms)
		SetupLoadedEditorAssemblies (309ms)
			LogAssemblyErrors (0ms)
			InitializePlatformSupportModulesInManaged (6ms)
			SetLoadedEditorAssemblies (2ms)
			RefreshPlugins (0ms)
			BeforeProcessingInitializeOnLoad (43ms)
			ProcessInitializeOnLoadAttributes (158ms)
			ProcessInitializeOnLoadMethodAttributes (91ms)
			AfterProcessingInitializeOnLoad (8ms)
			EditorAssembliesLoaded (0ms)
		ExecutionOrderSort2 (0ms)
		AwakeInstancesAfterBackupRestoration (6ms)
Refreshing native plugins compatible for Editor in 5.24 ms, found 2 plugins.
Preloading 0 native plugins for Editor in 0.00 ms.
Unloading 2498 Unused Serialized files (Serialized files now loaded: 0)
Unloading 52 unused Assets / (42.7 KB). Loaded Objects now: 3091.
Memory consumption went from 113.1 MB to 113.0 MB.
Total: 5.728200 ms (FindLiveObjects: 0.194500 ms CreateObjectMapping: 0.107900 ms MarkObjects: 5.347500 ms  DeleteObjects: 0.077600 ms)

Prepare: number of updated asset objects reloaded= 0
AssetImportParameters requested are different than current active one (requested -> active):
  custom:video-decoder-webm-vp8: 9c59270c3fd7afecdb556c50c9e8de78 -> 
  custom:container-demuxer-ogg: 62fdf1f143b41e24485cea50d1cbac27 -> 
  custom:AudioImporter_EditorPlatform: d09bf68614088b80899f8185d706f6e7 -> 
  custom:video-decoder-ogg-theora: a1e56fd34408186e4bbccfd4996cb3dc -> 
  custom:framework-win-MediaFoundation: 216162199b28c13a410421893ffa2e32 -> 
  custom:video-encoder-webm-vp8: eb34c28f22e8b96e1ab97ce403110664 -> 
  custom:audio-decoder-ogg-vorbis: bf7c407c2cedff20999df2af8eb42d56 -> 
  custom:CustomObjectIndexerAttribute: 756ad292c208cfabdd7b50bc23989ffe -> 
  custom:container-demuxer-webm: 4f35f7cbe854078d1ac9338744f61a02 -> 
  custom:audio-encoder-webm-vorbis: bf7c407c2cedff20999df2af8eb42d56 -> 
  custom:container-muxer-webm: aa71ff27fc2769a1b78a27578f13a17b -> 
========================================================================
Received Import Request.
  Time since last request: 272.612268 seconds.
  path: Assets/prefab/Enemy Controller.prefab
  artifactKey: Guid(e026043985e330a4d840d93fde29b227) Importer(815301076,1909f56bfc062723c751e8b465ee728b)
Start importing Assets/prefab/Enemy Controller.prefab using Guid(e026043985e330a4d840d93fde29b227) Importer(815301076,1909f56bfc062723c751e8b465ee728b)  -> (artifact id: '002b13c5cfc26b22f9052948acc772bf') in 0.044323 seconds
Number of updated asset objects reloaded before import = 0
Number of asset objects unloaded after import = 45
========================================================================
Received Import Request.
  Time since last request: 70.131612 seconds.
  path: Assets/Levels/Level 7.unity
  artifactKey: Guid(4f0034b0a760e144dabb06cd8386b05f) Importer(815301076,1909f56bfc062723c751e8b465ee728b)
Start importing Assets/Levels/Level 7.unity using Guid(4f0034b0a760e144dabb06cd8386b05f) Importer(815301076,1909f56bfc062723c751e8b465ee728b)  -> (artifact id: 'f093d1005480a909133c495bf0ffe63a') in 0.001275 seconds
Number of updated asset objects reloaded before import = 0
Number of asset objects unloaded after import = 0
========================================================================
Received Prepare
Begin MonoManager ReloadAssembly
Symbol file LoadedFromMemory is not a mono symbol file
- Loaded All Assemblies, in  0.584 seconds
Refreshing native plugins compatible for Editor in 3.72 ms, found 2 plugins.
Native extension for WindowsStandalone target not found
Native extension for WebGL target not found
Mono: successfully reloaded assembly
- Finished resetting the current domain, in  0.547 seconds
Domain Reload Profiling: 1129ms
	BeginReloadAssembly (231ms)
		ExecutionOrderSort (0ms)
		DisableScriptedObjects (4ms)
		BackupInstance (0ms)
		ReleaseScriptingObjects (0ms)
		CreateAndSetChildDomain (33ms)
	RebuildCommonClasses (28ms)
	RebuildNativeTypeToScriptingClass (9ms)
	initialDomainReloadingComplete (26ms)
	LoadAllAssembliesAndSetupDomain (287ms)
		LoadAssemblies (187ms)
		RebuildTransferFunctionScriptingTraits (0ms)
		AnalyzeDomain (147ms)
			TypeCache.Refresh (145ms)
				TypeCache.ScanAssembly (136ms)
			ScanForSourceGeneratedMonoScriptInfo (0ms)
			ResolveRequiredComponents (2ms)
	FinalizeReload (548ms)
		ReleaseScriptCaches (0ms)
		RebuildScriptCaches (0ms)
		SetupLoadedEditorAssemblies (314ms)
			LogAssemblyErrors (0ms)
			InitializePlatformSupportModulesInManaged (6ms)
			SetLoadedEditorAssemblies (2ms)
			RefreshPlugins (0ms)
			BeforeProcessingInitializeOnLoad (47ms)
			ProcessInitializeOnLoadAttributes (155ms)
			ProcessInitializeOnLoadMethodAttributes (94ms)
			AfterProcessingInitializeOnLoad (9ms)
			EditorAssembliesLoaded (0ms)
		ExecutionOrderSort2 (0ms)
		AwakeInstancesAfterBackupRestoration (6ms)
Refreshing native plugins compatible for Editor in 3.67 ms, found 2 plugins.
Preloading 0 native plugins for Editor in 0.00 ms.
Unloading 2498 Unused Serialized files (Serialized files now loaded: 0)
Unloading 52 unused Assets / (42.7 KB). Loaded Objects now: 3094.
Memory consumption went from 113.1 MB to 113.0 MB.
Total: 6.171500 ms (FindLiveObjects: 0.193000 ms CreateObjectMapping: 0.107700 ms MarkObjects: 5.798500 ms  DeleteObjects: 0.071700 ms)

Prepare: number of updated asset objects reloaded= 0
AssetImportParameters requested are different than current active one (requested -> active):
  custom:video-decoder-webm-vp8: 9c59270c3fd7afecdb556c50c9e8de78 -> 
  custom:container-demuxer-ogg: 62fdf1f143b41e24485cea50d1cbac27 -> 
  custom:AudioImporter_EditorPlatform: d09bf68614088b80899f8185d706f6e7 -> 
  custom:video-decoder-ogg-theora: a1e56fd34408186e4bbccfd4996cb3dc -> 
  custom:framework-win-MediaFoundation: 216162199b28c13a410421893ffa2e32 -> 
  custom:video-encoder-webm-vp8: eb34c28f22e8b96e1ab97ce403110664 -> 
  custom:audio-decoder-ogg-vorbis: bf7c407c2cedff20999df2af8eb42d56 -> 
  custom:CustomObjectIndexerAttribute: 756ad292c208cfabdd7b50bc23989ffe -> 
  custom:container-demuxer-webm: 4f35f7cbe854078d1ac9338744f61a02 -> 
  custom:audio-encoder-webm-vorbis: bf7c407c2cedff20999df2af8eb42d56 -> 
  custom:container-muxer-webm: aa71ff27fc2769a1b78a27578f13a17b -> 
========================================================================
Received Prepare
Begin MonoManager ReloadAssembly
Symbol file LoadedFromMemory is not a mono symbol file
- Loaded All Assemblies, in  0.561 seconds
Refreshing native plugins compatible for Editor in 3.90 ms, found 2 plugins.
Native extension for WindowsStandalone target not found
Native extension for WebGL target not found
Mono: successfully reloaded assembly
- Finished resetting the current domain, in  0.544 seconds
Domain Reload Profiling: 1104ms
	BeginReloadAssembly (215ms)
		ExecutionOrderSort (0ms)
		DisableScriptedObjects (4ms)
		BackupInstance (0ms)
		ReleaseScriptingObjects (0ms)
		CreateAndSetChildDomain (30ms)
	RebuildCommonClasses (23ms)
	RebuildNativeTypeToScriptingClass (8ms)
	initialDomainReloadingComplete (24ms)
	LoadAllAssembliesAndSetupDomain (289ms)
		LoadAssemblies (184ms)
		RebuildTransferFunctionScriptingTraits (0ms)
		AnalyzeDomain (150ms)
			TypeCache.Refresh (148ms)
				TypeCache.ScanAssembly (139ms)
			ScanForSourceGeneratedMonoScriptInfo (0ms)
			ResolveRequiredComponents (2ms)
	FinalizeReload (545ms)
		ReleaseScriptCaches (0ms)
		RebuildScriptCaches (0ms)
		SetupLoadedEditorAssemblies (310ms)
			LogAssemblyErrors (0ms)
			InitializePlatformSupportModulesInManaged (7ms)
			SetLoadedEditorAssemblies (2ms)
			RefreshPlugins (0ms)
			BeforeProcessingInitializeOnLoad (45ms)
			ProcessInitializeOnLoadAttributes (158ms)
			ProcessInitializeOnLoadMethodAttributes (89ms)
			AfterProcessingInitializeOnLoad (9ms)
			EditorAssembliesLoaded (0ms)
		ExecutionOrderSort2 (0ms)
		AwakeInstancesAfterBackupRestoration (5ms)
Refreshing native plugins compatible for Editor in 4.11 ms, found 2 plugins.
Preloading 0 native plugins for Editor in 0.00 ms.
Unloading 2498 Unused Serialized files (Serialized files now loaded: 0)
Unloading 52 unused Assets / (42.9 KB). Loaded Objects now: 3097.
Memory consumption went from 113.1 MB to 113.0 MB.
Total: 5.684500 ms (FindLiveObjects: 0.230600 ms CreateObjectMapping: 0.120900 ms MarkObjects: 5.263000 ms  DeleteObjects: 0.069300 ms)

Prepare: number of updated asset objects reloaded= 0
AssetImportParameters requested are different than current active one (requested -> active):
  custom:video-decoder-webm-vp8: 9c59270c3fd7afecdb556c50c9e8de78 -> 
  custom:container-demuxer-ogg: 62fdf1f143b41e24485cea50d1cbac27 -> 
  custom:AudioImporter_EditorPlatform: d09bf68614088b80899f8185d706f6e7 -> 
  custom:video-decoder-ogg-theora: a1e56fd34408186e4bbccfd4996cb3dc -> 
  custom:framework-win-MediaFoundation: 216162199b28c13a410421893ffa2e32 -> 
  custom:video-encoder-webm-vp8: eb34c28f22e8b96e1ab97ce403110664 -> 
  custom:audio-decoder-ogg-vorbis: bf7c407c2cedff20999df2af8eb42d56 -> 
  custom:CustomObjectIndexerAttribute: 756ad292c208cfabdd7b50bc23989ffe -> 
  custom:container-demuxer-webm: 4f35f7cbe854078d1ac9338744f61a02 -> 
  custom:audio-encoder-webm-vorbis: bf7c407c2cedff20999df2af8eb42d56 -> 
  custom:container-muxer-webm: aa71ff27fc2769a1b78a27578f13a17b -> 
========================================================================
Received Prepare
Begin MonoManager ReloadAssembly
Symbol file LoadedFromMemory is not a mono symbol file
- Loaded All Assemblies, in  0.591 seconds
Refreshing native plugins compatible for Editor in 4.11 ms, found 2 plugins.
Native extension for WindowsStandalone target not found
Native extension for WebGL target not found
Mono: successfully reloaded assembly
- Finished resetting the current domain, in  0.565 seconds
Domain Reload Profiling: 1154ms
	BeginReloadAssembly (241ms)
		ExecutionOrderSort (0ms)
		DisableScriptedObjects (5ms)
		BackupInstance (0ms)
		ReleaseScriptingObjects (0ms)
		CreateAndSetChildDomain (35ms)
	RebuildCommonClasses (24ms)
	RebuildNativeTypeToScriptingClass (8ms)
	initialDomainReloadingComplete (25ms)
	LoadAllAssembliesAndSetupDomain (292ms)
		LoadAssemblies (186ms)
		RebuildTransferFunctionScriptingTraits (0ms)
		AnalyzeDomain (157ms)
			TypeCache.Refresh (155ms)
				TypeCache.ScanAssembly (141ms)
			ScanForSourceGeneratedMonoScriptInfo (0ms)
			ResolveRequiredComponents (2ms)
	FinalizeReload (565ms)
		ReleaseScriptCaches (0ms)
		RebuildScriptCaches (0ms)
		SetupLoadedEditorAssemblies (318ms)
			LogAssemblyErrors (0ms)
			InitializePlatformSupportModulesInManaged (8ms)
			SetLoadedEditorAssemblies (2ms)
			RefreshPlugins (0ms)
			BeforeProcessingInitializeOnLoad (47ms)
			ProcessInitializeOnLoadAttributes (159ms)
			ProcessInitializeOnLoadMethodAttributes (92ms)
			AfterProcessingInitializeOnLoad (9ms)
			EditorAssembliesLoaded (0ms)
		ExecutionOrderSort2 (0ms)
		AwakeInstancesAfterBackupRestoration (5ms)
Refreshing native plugins compatible for Editor in 3.90 ms, found 2 plugins.
Preloading 0 native plugins for Editor in 0.00 ms.
Unloading 2498 Unused Serialized files (Serialized files now loaded: 0)
Unloading 52 unused Assets / (42.7 KB). Loaded Objects now: 3100.
Memory consumption went from 113.1 MB to 113.0 MB.
Total: 5.830300 ms (FindLiveObjects: 0.202500 ms CreateObjectMapping: 0.111200 ms MarkObjects: 5.403300 ms  DeleteObjects: 0.112600 ms)

Prepare: number of updated asset objects reloaded= 0
AssetImportParameters requested are different than current active one (requested -> active):
  custom:video-decoder-webm-vp8: 9c59270c3fd7afecdb556c50c9e8de78 -> 
  custom:container-demuxer-ogg: 62fdf1f143b41e24485cea50d1cbac27 -> 
  custom:AudioImporter_EditorPlatform: d09bf68614088b80899f8185d706f6e7 -> 
  custom:video-decoder-ogg-theora: a1e56fd34408186e4bbccfd4996cb3dc -> 
  custom:framework-win-MediaFoundation: 216162199b28c13a410421893ffa2e32 -> 
  custom:video-encoder-webm-vp8: eb34c28f22e8b96e1ab97ce403110664 -> 
  custom:audio-decoder-ogg-vorbis: bf7c407c2cedff20999df2af8eb42d56 -> 
  custom:CustomObjectIndexerAttribute: 756ad292c208cfabdd7b50bc23989ffe -> 
  custom:container-demuxer-webm: 4f35f7cbe854078d1ac9338744f61a02 -> 
  custom:audio-encoder-webm-vorbis: bf7c407c2cedff20999df2af8eb42d56 -> 
  custom:container-muxer-webm: aa71ff27fc2769a1b78a27578f13a17b -> 
========================================================================
Received Prepare
Begin MonoManager ReloadAssembly
Symbol file LoadedFromMemory is not a mono symbol file
- Loaded All Assemblies, in  0.584 seconds
Refreshing native plugins compatible for Editor in 4.71 ms, found 2 plugins.
Native extension for WindowsStandalone target not found
Native extension for WebGL target not found
Mono: successfully reloaded assembly
- Finished resetting the current domain, in  0.574 seconds
Domain Reload Profiling: 1156ms
	BeginReloadAssembly (223ms)
		ExecutionOrderSort (0ms)
		DisableScriptedObjects (4ms)
		BackupInstance (0ms)
		ReleaseScriptingObjects (0ms)
		CreateAndSetChildDomain (31ms)
	RebuildCommonClasses (24ms)
	RebuildNativeTypeToScriptingClass (8ms)
	initialDomainReloadingComplete (24ms)
	LoadAllAssembliesAndSetupDomain (303ms)
		LoadAssemblies (186ms)
		RebuildTransferFunctionScriptingTraits (0ms)
		AnalyzeDomain (164ms)
			TypeCache.Refresh (162ms)
				TypeCache.ScanAssembly (151ms)
			ScanForSourceGeneratedMonoScriptInfo (0ms)
			ResolveRequiredComponents (2ms)
	FinalizeReload (574ms)
		ReleaseScriptCaches (0ms)
		RebuildScriptCaches (0ms)
		SetupLoadedEditorAssemblies (324ms)
			LogAssemblyErrors (0ms)
			InitializePlatformSupportModulesInManaged (8ms)
			SetLoadedEditorAssemblies (2ms)
			RefreshPlugins (0ms)
			BeforeProcessingInitializeOnLoad (48ms)
			ProcessInitializeOnLoadAttributes (156ms)
			ProcessInitializeOnLoadMethodAttributes (101ms)
			AfterProcessingInitializeOnLoad (9ms)
			EditorAssembliesLoaded (0ms)
		ExecutionOrderSort2 (0ms)
		AwakeInstancesAfterBackupRestoration (5ms)
Refreshing native plugins compatible for Editor in 4.64 ms, found 2 plugins.
Preloading 0 native plugins for Editor in 0.00 ms.
Unloading 2498 Unused Serialized files (Serialized files now loaded: 0)
Unloading 52 unused Assets / (42.7 KB). Loaded Objects now: 3103.
Memory consumption went from 113.1 MB to 113.0 MB.
Total: 5.903900 ms (FindLiveObjects: 0.197800 ms CreateObjectMapping: 0.111600 ms MarkObjects: 5.526700 ms  DeleteObjects: 0.067100 ms)

Prepare: number of updated asset objects reloaded= 0
AssetImportParameters requested are different than current active one (requested -> active):
  custom:video-decoder-webm-vp8: 9c59270c3fd7afecdb556c50c9e8de78 -> 
  custom:container-demuxer-ogg: 62fdf1f143b41e24485cea50d1cbac27 -> 
  custom:AudioImporter_EditorPlatform: d09bf68614088b80899f8185d706f6e7 -> 
  custom:video-decoder-ogg-theora: a1e56fd34408186e4bbccfd4996cb3dc -> 
  custom:framework-win-MediaFoundation: 216162199b28c13a410421893ffa2e32 -> 
  custom:video-encoder-webm-vp8: eb34c28f22e8b96e1ab97ce403110664 -> 
  custom:audio-decoder-ogg-vorbis: bf7c407c2cedff20999df2af8eb42d56 -> 
  custom:CustomObjectIndexerAttribute: 756ad292c208cfabdd7b50bc23989ffe -> 
  custom:container-demuxer-webm: 4f35f7cbe854078d1ac9338744f61a02 -> 
  custom:audio-encoder-webm-vorbis: bf7c407c2cedff20999df2af8eb42d56 -> 
  custom:container-muxer-webm: aa71ff27fc2769a1b78a27578f13a17b -> 
========================================================================
Received Import Request.
  Time since last request: 117.137891 seconds.
  path: Assets/Levels/Level 7.unity
  artifactKey: Guid(4f0034b0a760e144dabb06cd8386b05f) Importer(815301076,1909f56bfc062723c751e8b465ee728b)
Start importing Assets/Levels/Level 7.unity using Guid(4f0034b0a760e144dabb06cd8386b05f) Importer(815301076,1909f56bfc062723c751e8b465ee728b)  -> (artifact id: 'e11d0f8816e9d6a3123df3cc9ca886aa') in 0.004524 seconds
Number of updated asset objects reloaded before import = 0
Number of asset objects unloaded after import = 0
========================================================================
Received Prepare
Begin MonoManager ReloadAssembly
Symbol file LoadedFromMemory is not a mono symbol file
- Loaded All Assemblies, in  0.590 seconds
Refreshing native plugins compatible for Editor in 4.07 ms, found 2 plugins.
Native extension for WindowsStandalone target not found
Native extension for WebGL target not found
Mono: successfully reloaded assembly
- Finished resetting the current domain, in  0.584 seconds
Domain Reload Profiling: 1172ms
	BeginReloadAssembly (229ms)
		ExecutionOrderSort (0ms)
		DisableScriptedObjects (5ms)
		BackupInstance (0ms)
		ReleaseScriptingObjects (0ms)
		CreateAndSetChildDomain (31ms)
	RebuildCommonClasses (23ms)
	RebuildNativeTypeToScriptingClass (8ms)
	initialDomainReloadingComplete (25ms)
	LoadAllAssembliesAndSetupDomain (301ms)
		LoadAssemblies (190ms)
		RebuildTransferFunctionScriptingTraits (0ms)
		AnalyzeDomain (158ms)
			TypeCache.Refresh (156ms)
				TypeCache.ScanAssembly (144ms)
			ScanForSourceGeneratedMonoScriptInfo (0ms)
			ResolveRequiredComponents (2ms)
	FinalizeReload (585ms)
		ReleaseScriptCaches (0ms)
		RebuildScriptCaches (0ms)
		SetupLoadedEditorAssemblies (341ms)
			LogAssemblyErrors (0ms)
			InitializePlatformSupportModulesInManaged (8ms)
			SetLoadedEditorAssemblies (2ms)
			RefreshPlugins (0ms)
			BeforeProcessingInitializeOnLoad (50ms)
			ProcessInitializeOnLoadAttributes (168ms)
			ProcessInitializeOnLoadMethodAttributes (102ms)
			AfterProcessingInitializeOnLoad (10ms)
			EditorAssembliesLoaded (0ms)
		ExecutionOrderSort2 (0ms)
		AwakeInstancesAfterBackupRestoration (5ms)
Refreshing native plugins compatible for Editor in 4.43 ms, found 2 plugins.
Preloading 0 native plugins for Editor in 0.00 ms.
Unloading 2498 Unused Serialized files (Serialized files now loaded: 0)
Unloading 52 unused Assets / (42.7 KB). Loaded Objects now: 3106.
Memory consumption went from 113.1 MB to 113.0 MB.
Total: 6.698900 ms (FindLiveObjects: 0.213400 ms CreateObjectMapping: 0.127400 ms MarkObjects: 6.286300 ms  DeleteObjects: 0.071300 ms)

Prepare: number of updated asset objects reloaded= 0
AssetImportParameters requested are different than current active one (requested -> active):
  custom:video-decoder-webm-vp8: 9c59270c3fd7afecdb556c50c9e8de78 -> 
  custom:container-demuxer-ogg: 62fdf1f143b41e24485cea50d1cbac27 -> 
  custom:AudioImporter_EditorPlatform: d09bf68614088b80899f8185d706f6e7 -> 
  custom:video-decoder-ogg-theora: a1e56fd34408186e4bbccfd4996cb3dc -> 
  custom:framework-win-MediaFoundation: 216162199b28c13a410421893ffa2e32 -> 
  custom:video-encoder-webm-vp8: eb34c28f22e8b96e1ab97ce403110664 -> 
  custom:audio-decoder-ogg-vorbis: bf7c407c2cedff20999df2af8eb42d56 -> 
  custom:CustomObjectIndexerAttribute: 756ad292c208cfabdd7b50bc23989ffe -> 
  custom:container-demuxer-webm: 4f35f7cbe854078d1ac9338744f61a02 -> 
  custom:audio-encoder-webm-vorbis: bf7c407c2cedff20999df2af8eb42d56 -> 
  custom:container-muxer-webm: aa71ff27fc2769a1b78a27578f13a17b -> 
========================================================================
Received Prepare
Begin MonoManager ReloadAssembly
Symbol file LoadedFromMemory is not a mono symbol file
- Loaded All Assemblies, in  0.574 seconds
Refreshing native plugins compatible for Editor in 3.70 ms, found 2 plugins.
Native extension for WindowsStandalone target not found
Native extension for WebGL target not found
Mono: successfully reloaded assembly
- Finished resetting the current domain, in  0.547 seconds
Domain Reload Profiling: 1120ms
	BeginReloadAssembly (227ms)
		ExecutionOrderSort (0ms)
		DisableScriptedObjects (5ms)
		BackupInstance (0ms)
		ReleaseScriptingObjects (0ms)
		CreateAndSetChildDomain (31ms)
	RebuildCommonClasses (23ms)
	RebuildNativeTypeToScriptingClass (11ms)
	initialDomainReloadingComplete (25ms)
	LoadAllAssembliesAndSetupDomain (286ms)
		LoadAssemblies (194ms)
		RebuildTransferFunctionScriptingTraits (0ms)
		AnalyzeDomain (140ms)
			TypeCache.Refresh (138ms)
				TypeCache.ScanAssembly (128ms)
			ScanForSourceGeneratedMonoScriptInfo (0ms)
			ResolveRequiredComponents (2ms)
	FinalizeReload (548ms)
		ReleaseScriptCaches (0ms)
		RebuildScriptCaches (0ms)
		SetupLoadedEditorAssemblies (308ms)
			LogAssemblyErrors (0ms)
			InitializePlatformSupportModulesInManaged (8ms)
			SetLoadedEditorAssemblies (3ms)
			RefreshPlugins (0ms)
			BeforeProcessingInitializeOnLoad (46ms)
			ProcessInitializeOnLoadAttributes (153ms)
			ProcessInitializeOnLoadMethodAttributes (89ms)
			AfterProcessingInitializeOnLoad (9ms)
			EditorAssembliesLoaded (0ms)
		ExecutionOrderSort2 (0ms)
		AwakeInstancesAfterBackupRestoration (5ms)
Refreshing native plugins compatible for Editor in 3.70 ms, found 2 plugins.
Preloading 0 native plugins for Editor in 0.00 ms.
Unloading 2498 Unused Serialized files (Serialized files now loaded: 0)
Unloading 52 unused Assets / (43.0 KB). Loaded Objects now: 3109.
Memory consumption went from 113.1 MB to 113.0 MB.
Total: 5.575100 ms (FindLiveObjects: 0.211700 ms CreateObjectMapping: 0.084600 ms MarkObjects: 5.221000 ms  DeleteObjects: 0.057400 ms)

Prepare: number of updated asset objects reloaded= 0
AssetImportParameters requested are different than current active one (requested -> active):
  custom:video-decoder-webm-vp8: 9c59270c3fd7afecdb556c50c9e8de78 -> 
  custom:container-demuxer-ogg: 62fdf1f143b41e24485cea50d1cbac27 -> 
  custom:AudioImporter_EditorPlatform: d09bf68614088b80899f8185d706f6e7 -> 
  custom:video-decoder-ogg-theora: a1e56fd34408186e4bbccfd4996cb3dc -> 
  custom:framework-win-MediaFoundation: 216162199b28c13a410421893ffa2e32 -> 
  custom:video-encoder-webm-vp8: eb34c28f22e8b96e1ab97ce403110664 -> 
  custom:audio-decoder-ogg-vorbis: bf7c407c2cedff20999df2af8eb42d56 -> 
  custom:CustomObjectIndexerAttribute: 756ad292c208cfabdd7b50bc23989ffe -> 
  custom:container-demuxer-webm: 4f35f7cbe854078d1ac9338744f61a02 -> 
  custom:audio-encoder-webm-vorbis: bf7c407c2cedff20999df2af8eb42d56 -> 
  custom:container-muxer-webm: aa71ff27fc2769a1b78a27578f13a17b -> 
========================================================================
Received Prepare
Begin MonoManager ReloadAssembly
Symbol file LoadedFromMemory is not a mono symbol file
- Loaded All Assemblies, in  0.581 seconds
Refreshing native plugins compatible for Editor in 4.38 ms, found 2 plugins.
Native extension for WindowsStandalone target not found
Native extension for WebGL target not found
Mono: successfully reloaded assembly
- Finished resetting the current domain, in  0.547 seconds
Domain Reload Profiling: 1126ms
	BeginReloadAssembly (230ms)
		ExecutionOrderSort (0ms)
		DisableScriptedObjects (4ms)
		BackupInstance (0ms)
		ReleaseScriptingObjects (0ms)
		CreateAndSetChildDomain (31ms)
	RebuildCommonClasses (23ms)
	RebuildNativeTypeToScriptingClass (8ms)
	initialDomainReloadingComplete (26ms)
	LoadAllAssembliesAndSetupDomain (291ms)
		LoadAssemblies (187ms)
		RebuildTransferFunctionScriptingTraits (0ms)
		AnalyzeDomain (150ms)
			TypeCache.Refresh (148ms)
				TypeCache.ScanAssembly (139ms)
			ScanForSourceGeneratedMonoScriptInfo (0ms)
			ResolveRequiredComponents (2ms)
	FinalizeReload (548ms)
		ReleaseScriptCaches (0ms)
		RebuildScriptCaches (0ms)
		SetupLoadedEditorAssemblies (310ms)
			LogAssemblyErrors (0ms)
			InitializePlatformSupportModulesInManaged (7ms)
			SetLoadedEditorAssemblies (2ms)
			RefreshPlugins (0ms)
			BeforeProcessingInitializeOnLoad (43ms)
			ProcessInitializeOnLoadAttributes (159ms)
			ProcessInitializeOnLoadMethodAttributes (89ms)
			AfterProcessingInitializeOnLoad (9ms)
			EditorAssembliesLoaded (0ms)
		ExecutionOrderSort2 (0ms)
		AwakeInstancesAfterBackupRestoration (5ms)
Refreshing native plugins compatible for Editor in 3.78 ms, found 2 plugins.
Preloading 0 native plugins for Editor in 0.00 ms.
Unloading 2498 Unused Serialized files (Serialized files now loaded: 0)
Unloading 52 unused Assets / (42.8 KB). Loaded Objects now: 3112.
Memory consumption went from 113.1 MB to 113.0 MB.
Total: 5.566100 ms (FindLiveObjects: 0.169900 ms CreateObjectMapping: 0.055000 ms MarkObjects: 5.270500 ms  DeleteObjects: 0.069900 ms)

Prepare: number of updated asset objects reloaded= 0
AssetImportParameters requested are different than current active one (requested -> active):
  custom:video-decoder-webm-vp8: 9c59270c3fd7afecdb556c50c9e8de78 -> 
  custom:container-demuxer-ogg: 62fdf1f143b41e24485cea50d1cbac27 -> 
  custom:AudioImporter_EditorPlatform: d09bf68614088b80899f8185d706f6e7 -> 
  custom:video-decoder-ogg-theora: a1e56fd34408186e4bbccfd4996cb3dc -> 
  custom:framework-win-MediaFoundation: 216162199b28c13a410421893ffa2e32 -> 
  custom:video-encoder-webm-vp8: eb34c28f22e8b96e1ab97ce403110664 -> 
  custom:audio-decoder-ogg-vorbis: bf7c407c2cedff20999df2af8eb42d56 -> 
  custom:CustomObjectIndexerAttribute: 756ad292c208cfabdd7b50bc23989ffe -> 
  custom:container-demuxer-webm: 4f35f7cbe854078d1ac9338744f61a02 -> 
  custom:audio-encoder-webm-vorbis: bf7c407c2cedff20999df2af8eb42d56 -> 
  custom:container-muxer-webm: aa71ff27fc2769a1b78a27578f13a17b -> 
========================================================================
Received Prepare
Begin MonoManager ReloadAssembly
Symbol file LoadedFromMemory is not a mono symbol file
- Loaded All Assemblies, in  0.567 seconds
Refreshing native plugins compatible for Editor in 4.23 ms, found 2 plugins.
Native extension for WindowsStandalone target not found
Native extension for WebGL target not found
Mono: successfully reloaded assembly
- Finished resetting the current domain, in  0.553 seconds
Domain Reload Profiling: 1118ms
	BeginReloadAssembly (222ms)
		ExecutionOrderSort (0ms)
		DisableScriptedObjects (4ms)
		BackupInstance (0ms)
		ReleaseScriptingObjects (0ms)
		CreateAndSetChildDomain (31ms)
	RebuildCommonClasses (24ms)
	RebuildNativeTypeToScriptingClass (8ms)
	initialDomainReloadingComplete (27ms)
	LoadAllAssembliesAndSetupDomain (285ms)
		LoadAssemblies (183ms)
		RebuildTransferFunctionScriptingTraits (0ms)
		AnalyzeDomain (149ms)
			TypeCache.Refresh (147ms)
				TypeCache.ScanAssembly (138ms)
			ScanForSourceGeneratedMonoScriptInfo (0ms)
			ResolveRequiredComponents (2ms)
	FinalizeReload (553ms)
		ReleaseScriptCaches (0ms)
		RebuildScriptCaches (0ms)
		SetupLoadedEditorAssemblies (313ms)
			LogAssemblyErrors (0ms)
			InitializePlatformSupportModulesInManaged (7ms)
			SetLoadedEditorAssemblies (2ms)
			RefreshPlugins (0ms)
			BeforeProcessingInitializeOnLoad (47ms)
			ProcessInitializeOnLoadAttributes (155ms)
			ProcessInitializeOnLoadMethodAttributes (93ms)
			AfterProcessingInitializeOnLoad (9ms)
			EditorAssembliesLoaded (0ms)
		ExecutionOrderSort2 (0ms)
		AwakeInstancesAfterBackupRestoration (6ms)
Refreshing native plugins compatible for Editor in 3.78 ms, found 2 plugins.
Preloading 0 native plugins for Editor in 0.00 ms.
Unloading 2498 Unused Serialized files (Serialized files now loaded: 0)
Unloading 52 unused Assets / (42.6 KB). Loaded Objects now: 3115.
Memory consumption went from 113.1 MB to 113.0 MB.
Total: 5.462500 ms (FindLiveObjects: 0.211100 ms CreateObjectMapping: 0.128100 ms MarkObjects: 5.050100 ms  DeleteObjects: 0.072600 ms)

Prepare: number of updated asset objects reloaded= 0
AssetImportParameters requested are different than current active one (requested -> active):
  custom:video-decoder-webm-vp8: 9c59270c3fd7afecdb556c50c9e8de78 -> 
  custom:container-demuxer-ogg: 62fdf1f143b41e24485cea50d1cbac27 -> 
  custom:AudioImporter_EditorPlatform: d09bf68614088b80899f8185d706f6e7 -> 
  custom:video-decoder-ogg-theora: a1e56fd34408186e4bbccfd4996cb3dc -> 
  custom:framework-win-MediaFoundation: 216162199b28c13a410421893ffa2e32 -> 
  custom:video-encoder-webm-vp8: eb34c28f22e8b96e1ab97ce403110664 -> 
  custom:audio-decoder-ogg-vorbis: bf7c407c2cedff20999df2af8eb42d56 -> 
  custom:CustomObjectIndexerAttribute: 756ad292c208cfabdd7b50bc23989ffe -> 
  custom:container-demuxer-webm: 4f35f7cbe854078d1ac9338744f61a02 -> 
  custom:audio-encoder-webm-vorbis: bf7c407c2cedff20999df2af8eb42d56 -> 
  custom:container-muxer-webm: aa71ff27fc2769a1b78a27578f13a17b -> 
========================================================================
Received Prepare
Begin MonoManager ReloadAssembly
Symbol file LoadedFromMemory is not a mono symbol file
- Loaded All Assemblies, in  0.583 seconds
Refreshing native plugins compatible for Editor in 4.42 ms, found 2 plugins.
Native extension for WindowsStandalone target not found
Native extension for WebGL target not found
Mono: successfully reloaded assembly
- Finished resetting the current domain, in  0.536 seconds
Domain Reload Profiling: 1117ms
	BeginReloadAssembly (224ms)
		ExecutionOrderSort (0ms)
		DisableScriptedObjects (5ms)
		BackupInstance (0ms)
		ReleaseScriptingObjects (0ms)
		CreateAndSetChildDomain (29ms)
	RebuildCommonClasses (23ms)
	RebuildNativeTypeToScriptingClass (10ms)
	initialDomainReloadingComplete (25ms)
	LoadAllAssembliesAndSetupDomain (299ms)
		LoadAssemblies (188ms)
		RebuildTransferFunctionScriptingTraits (0ms)
		AnalyzeDomain (156ms)
			TypeCache.Refresh (154ms)
				TypeCache.ScanAssembly (145ms)
			ScanForSourceGeneratedMonoScriptInfo (0ms)
			ResolveRequiredComponents (2ms)
	FinalizeReload (536ms)
		ReleaseScriptCaches (0ms)
		RebuildScriptCaches (0ms)
		SetupLoadedEditorAssemblies (308ms)
			LogAssemblyErrors (0ms)
			InitializePlatformSupportModulesInManaged (7ms)
			SetLoadedEditorAssemblies (2ms)
			RefreshPlugins (0ms)
			BeforeProcessingInitializeOnLoad (48ms)
			ProcessInitializeOnLoadAttributes (154ms)
			ProcessInitializeOnLoadMethodAttributes (90ms)
			AfterProcessingInitializeOnLoad (8ms)
			EditorAssembliesLoaded (0ms)
		ExecutionOrderSort2 (0ms)
		AwakeInstancesAfterBackupRestoration (5ms)
Refreshing native plugins compatible for Editor in 3.76 ms, found 2 plugins.
Preloading 0 native plugins for Editor in 0.00 ms.
Unloading 2498 Unused Serialized files (Serialized files now loaded: 0)
Unloading 52 unused Assets / (42.8 KB). Loaded Objects now: 3118.
Memory consumption went from 113.1 MB to 113.0 MB.
Total: 5.491200 ms (FindLiveObjects: 0.163000 ms CreateObjectMapping: 0.071200 ms MarkObjects: 5.200200 ms  DeleteObjects: 0.056300 ms)

Prepare: number of updated asset objects reloaded= 0
AssetImportParameters requested are different than current active one (requested -> active):
  custom:video-decoder-webm-vp8: 9c59270c3fd7afecdb556c50c9e8de78 -> 
  custom:container-demuxer-ogg: 62fdf1f143b41e24485cea50d1cbac27 -> 
  custom:AudioImporter_EditorPlatform: d09bf68614088b80899f8185d706f6e7 -> 
  custom:video-decoder-ogg-theora: a1e56fd34408186e4bbccfd4996cb3dc -> 
  custom:framework-win-MediaFoundation: 216162199b28c13a410421893ffa2e32 -> 
  custom:video-encoder-webm-vp8: eb34c28f22e8b96e1ab97ce403110664 -> 
  custom:audio-decoder-ogg-vorbis: bf7c407c2cedff20999df2af8eb42d56 -> 
  custom:CustomObjectIndexerAttribute: 756ad292c208cfabdd7b50bc23989ffe -> 
  custom:container-demuxer-webm: 4f35f7cbe854078d1ac9338744f61a02 -> 
  custom:audio-encoder-webm-vorbis: bf7c407c2cedff20999df2af8eb42d56 -> 
  custom:container-muxer-webm: aa71ff27fc2769a1b78a27578f13a17b -> 
